,Landfall,Days,MaxWind,MinWind,AWind
0,1.0,10.0,80.0,40.0,60.714285714285715
1,0.0,5.0,80.0,80.0,80.0
2,0.0,37.0,50.0,50.0,50.0
3,1.0,28.0,100.0,40.0,65.10204081632654
4,0.0,33.0,50.0,50.0,50.0
5,1.0,308.0,60.0,40.0,52.94117647058823
6,1.0,17.0,100.0,40.0,73.33333333333333
7,0.0,4.0,70.0,40.0,57.5
8,1.0,13.0,70.0,50.0,67.0
9,0.0,14.0,80.0,50.0,72.77777777777777
10,1.0,303.0,90.0,50.0,79.6
11,0.0,5.0,50.0,50.0,50.0
12,0.0,20.0,40.0,40.0,40.0
13,0.0,9.0,130.0,40.0,92.91666666666667
14,0.0,13.0,100.0,90.0,98.33333333333333
15,0.0,5.0,50.0,50.0,50.0
16,0.0,2.0,70.0,50.0,65.45454545454545
17,0.0,21.0,50.0,50.0,50.0
18,0.0,249.0,90.0,70.0,81.42857142857143
19,1.0,59.0,70.0,40.0,58.18181818181818
20,0.0,15.0,60.0,60.0,60.0
21,1.0,11.0,110.0,40.0,83.2
22,1.0,32.0,90.0,40.0,73.63636363636364
23,0.0,290.0,60.0,50.0,55.0
24,0.0,4.0,90.0,90.0,90.0
25,0.0,1.0,90.0,90.0,90.0
26,0.0,13.0,70.0,70.0,70.0
27,0.0,22.0,60.0,40.0,53.75
28,1.0,329.0,110.0,40.0,84.54545454545455
29,1.0,4.0,130.0,40.0,86.42857142857143
30,0.0,6.0,70.0,70.0,70.0
31,1.0,2.0,50.0,50.0,50.0
32,0.0,4.0,50.0,50.0,50.0
33,1.0,24.0,100.0,50.0,73.25
34,0.0,285.0,70.0,50.0,61.0
35,0.0,68.0,50.0,50.0,50.0
36,1.0,16.0,90.0,40.0,67.87234042553192
37,0.0,2.0,70.0,70.0,70.0
38,1.0,261.0,90.0,40.0,65.17241379310344
39,0.0,54.0,70.0,70.0,70.0
40,0.0,40.0,70.0,70.0,70.0
41,1.0,3.0,90.0,40.0,66.875
42,0.0,5.0,80.0,50.0,76.25
43,0.0,29.0,80.0,50.0,70.0
44,0.0,253.0,90.0,50.0,70.9090909090909
45,0.0,47.0,90.0,90.0,90.0
46,0.0,16.0,90.0,90.0,90.0
47,0.0,10.0,70.0,70.0,70.0
48,0.0,3.0,90.0,70.0,81.42857142857143
49,1.0,17.0,70.0,40.0,59.375
50,0.0,14.0,110.0,80.0,98.0
51,1.0,8.0,60.0,40.0,55.45454545454545
52,1.0,289.0,80.0,40.0,61.666666666666664
53,1.0,16.0,110.0,40.0,64.85714285714286
54,0.0,18.0,90.0,60.0,75.0
55,0.0,0.0,70.0,70.0,70.0
56,1.0,7.0,90.0,40.0,85.21739130434783
57,0.0,12.0,60.0,40.0,53.75
58,1.0,20.0,90.0,40.0,67.6470588235294
59,0.0,259.0,90.0,70.0,76.66666666666667
60,0.0,38.0,90.0,50.0,65.71428571428571
61,0.0,12.0,80.0,40.0,65.0
62,0.0,23.0,90.0,80.0,83.33333333333333
63,0.0,10.0,70.0,70.0,70.0
64,1.0,9.0,70.0,50.0,61.42857142857143
65,0.0,1.0,60.0,50.0,57.5
66,1.0,25.0,50.0,50.0,50.0
67,1.0,226.0,70.0,50.0,60.666666666666664
68,0.0,64.0,50.0,50.0,50.0
69,0.0,25.0,90.0,80.0,87.6923076923077
70,0.0,24.0,90.0,60.0,82.3529411764706
71,0.0,8.0,50.0,50.0,50.0
72,0.0,39.0,70.0,50.0,65.71428571428571
73,0.0,259.0,60.0,40.0,55.714285714285715
74,0.0,10.0,90.0,70.0,77.5
75,0.0,1.0,90.0,70.0,82.5
76,0.0,8.0,90.0,60.0,80.55555555555556
77,0.0,13.0,90.0,80.0,87.5
78,0.0,7.0,70.0,50.0,65.625
79,1.0,2.0,60.0,40.0,53.333333333333336
80,0.0,8.0,50.0,40.0,46.666666666666664
81,0.0,3.0,50.0,40.0,47.5
82,1.0,291.0,60.0,40.0,47.5
83,0.0,9.0,70.0,60.0,66.66666666666667
84,0.0,32.0,60.0,60.0,60.0
85,0.0,10.0,70.0,40.0,68.07692307692308
86,0.0,47.0,50.0,50.0,50.0
87,0.0,220.0,70.0,50.0,61.666666666666664
88,0.0,31.0,50.0,50.0,50.0
89,1.0,51.0,50.0,50.0,50.0
90,0.0,17.0,60.0,50.0,55.0
91,1.0,1.0,90.0,40.0,85.67567567567568
92,1.0,21.0,60.0,60.0,60.0
93,0.0,20.0,70.0,70.0,70.0
94,1.0,266.0,90.0,40.0,67.05882352941177
95,1.0,33.0,90.0,40.0,85.78947368421052
96,0.0,22.0,90.0,40.0,78.63636363636364
97,0.0,14.0,70.0,60.0,68.57142857142857
98,0.0,4.0,70.0,70.0,70.0
99,0.0,2.0,90.0,60.0,75.0
100,0.0,35.0,120.0,70.0,91.25
101,0.0,235.0,60.0,40.0,52.857142857142854
102,1.0,37.0,70.0,40.0,55.45454545454545
103,0.0,5.0,90.0,70.0,76.42857142857143
104,0.0,29.0,90.0,90.0,90.0
105,0.0,8.0,70.0,60.0,65.0
106,0.0,21.0,50.0,50.0,50.0
107,0.0,3.0,90.0,70.0,77.0
108,1.0,7.0,90.0,40.0,71.76470588235294
109,0.0,18.0,40.0,40.0,40.0
110,0.0,312.0,110.0,40.0,69.41176470588235
111,0.0,28.0,90.0,70.0,77.77777777777777
112,1.0,4.0,70.0,40.0,54.827586206896555
113,0.0,10.0,90.0,90.0,90.0
114,0.0,301.0,90.0,70.0,80.0
115,0.0,4.0,90.0,90.0,90.0
116,1.0,11.0,90.0,40.0,81.11111111111111
117,0.0,5.0,70.0,70.0,70.0
118,0.0,3.0,60.0,50.0,55.0
119,1.0,3.0,70.0,40.0,64.44444444444444
120,1.0,4.0,100.0,50.0,90.83333333333333
121,0.0,3.0,90.0,60.0,80.3125
122,0.0,17.0,60.0,60.0,60.0
123,0.0,3.0,50.0,50.0,50.0
124,1.0,299.0,90.0,50.0,82.0
125,0.0,31.0,70.0,70.0,70.0
126,0.0,2.0,90.0,50.0,74.16666666666667
127,0.0,8.0,60.0,40.0,51.25
128,0.0,8.0,110.0,70.0,90.0
129,0.0,18.0,80.0,70.0,76.25
130,0.0,2.0,100.0,40.0,79.0
131,0.0,3.0,70.0,70.0,70.0
132,0.0,9.0,70.0,70.0,70.0
133,1.0,4.0,90.0,60.0,77.77777777777777
134,0.0,7.0,90.0,90.0,90.0
135,0.0,214.0,70.0,40.0,61.5
136,1.0,7.0,50.0,30.0,44.285714285714285
137,1.0,67.0,50.0,30.0,42.30769230769231
138,1.0,3.0,100.0,30.0,70.97560975609755
139,1.0,13.0,100.0,30.0,64.03508771929825
140,0.0,6.0,90.0,90.0,90.0
141,1.0,25.0,70.0,50.0,62.94117647058823
142,1.0,10.0,70.0,40.0,55.45454545454545
143,0.0,273.0,70.0,50.0,68.57142857142857
144,1.0,42.0,50.0,30.0,42.72727272727273
145,0.0,20.0,90.0,40.0,68.03571428571429
146,0.0,21.0,70.0,40.0,65.0
147,0.0,22.0,70.0,40.0,61.42857142857143
148,1.0,222.0,70.0,40.0,45.0
149,1.0,73.0,40.0,30.0,38.75
150,0.0,36.0,100.0,40.0,72.1875
151,1.0,4.0,70.0,50.0,66.92307692307692
152,1.0,4.0,50.0,40.0,44.61538461538461
153,1.0,279.0,100.0,40.0,68.47457627118644
154,1.0,32.0,50.0,30.0,45.333333333333336
155,0.0,26.0,70.0,50.0,63.0
156,0.0,4.0,80.0,40.0,62.38095238095238
157,0.0,6.0,50.0,30.0,37.5
158,0.0,17.0,50.0,50.0,50.0
159,1.0,36.0,80.0,30.0,53.7037037037037
160,0.0,289.0,90.0,40.0,61.5
161,0.0,16.0,70.0,70.0,70.0
162,0.0,7.0,70.0,40.0,65.5
163,1.0,16.0,100.0,30.0,77.55555555555556
164,1.0,13.0,50.0,30.0,46.111111111111114
165,0.0,5.0,90.0,70.0,78.75
166,0.0,333.0,70.0,40.0,57.0
167,0.0,3.0,80.0,60.0,71.66666666666667
168,1.0,4.0,100.0,30.0,61.515151515151516
169,0.0,13.0,50.0,50.0,50.0
170,0.0,13.0,90.0,50.0,66.53846153846153
171,1.0,293.0,100.0,40.0,68.57142857142857
172,0.0,44.0,60.0,40.0,52.77777777777778
173,1.0,2.0,70.0,40.0,56.76470588235294
174,0.0,5.0,70.0,60.0,68.57142857142857
175,1.0,3.0,100.0,40.0,72.95081967213115
176,0.0,19.0,50.0,40.0,43.333333333333336
177,0.0,11.0,50.0,50.0,50.0
178,1.0,35.0,50.0,40.0,42.63157894736842
179,0.0,215.0,50.0,40.0,43.333333333333336
180,1.0,38.0,40.0,30.0,39.23076923076923
181,0.0,11.0,70.0,30.0,53.333333333333336
182,0.0,6.0,80.0,60.0,71.66666666666667
183,0.0,7.0,90.0,40.0,72.5
184,1.0,11.0,90.0,40.0,63.45454545454545
185,0.0,12.0,90.0,70.0,77.85714285714286
186,0.0,15.0,120.0,40.0,88.33333333333333
187,1.0,0.0,70.0,40.0,57.93103448275862
188,0.0,4.0,70.0,40.0,61.25
189,0.0,5.0,100.0,40.0,76.42857142857143
190,1.0,38.0,90.0,40.0,66.06060606060606
191,0.0,257.0,60.0,40.0,52.5
192,0.0,4.0,70.0,40.0,57.5
193,1.0,6.0,100.0,40.0,61.875
194,1.0,10.0,90.0,30.0,63.2
195,1.0,35.0,110.0,30.0,75.71428571428571
196,1.0,6.0,50.0,30.0,42.857142857142854
197,1.0,15.0,50.0,30.0,46.06060606060606
198,1.0,25.0,70.0,40.0,53.6
199,0.0,216.0,90.0,50.0,69.375
200,1.0,44.0,40.0,30.0,38.94736842105263
201,1.0,11.0,130.0,30.0,72.44444444444444
202,0.0,9.0,80.0,40.0,53.333333333333336
203,1.0,2.0,90.0,30.0,68.37837837837837
204,0.0,11.0,80.0,50.0,67.0
205,1.0,2.0,70.0,40.0,54.61538461538461
206,0.0,19.0,80.0,50.0,66.66666666666667
207,0.0,8.0,120.0,50.0,88.125
208,1.0,5.0,70.0,40.0,60.0
209,0.0,10.0,80.0,60.0,71.42857142857143
210,1.0,285.0,60.0,40.0,49.5
211,1.0,10.0,50.0,30.0,41.333333333333336
212,1.0,0.0,40.0,30.0,37.333333333333336
213,0.0,5.0,80.0,60.0,72.5
214,0.0,5.0,70.0,40.0,54.166666666666664
215,1.0,17.0,90.0,30.0,67.29729729729729
216,1.0,11.0,90.0,50.0,69.04761904761905
217,0.0,340.0,60.0,40.0,49.642857142857146
218,0.0,9.0,70.0,70.0,70.0
219,1.0,12.0,110.0,40.0,70.2127659574468
220,1.0,7.0,50.0,30.0,40.5
221,1.0,3.0,50.0,40.0,41.875
222,0.0,11.0,70.0,50.0,65.0
223,1.0,317.0,120.0,40.0,67.33333333333333
224,0.0,6.0,80.0,40.0,62.27272727272727
225,0.0,11.0,110.0,70.0,81.25
226,1.0,48.0,110.0,30.0,83.58974358974359
227,0.0,315.0,70.0,40.0,52.857142857142854
228,0.0,2.0,70.0,50.0,58.333333333333336
229,0.0,7.0,100.0,40.0,75.0
230,1.0,27.0,80.0,30.0,58.22222222222222
231,0.0,304.0,90.0,40.0,66.5909090909091
232,0.0,14.0,80.0,40.0,61.666666666666664
233,1.0,8.0,90.0,40.0,67.5
234,1.0,19.0,50.0,40.0,44.61538461538461
235,1.0,1.0,80.0,40.0,52.41379310344828
236,0.0,6.0,70.0,50.0,63.75
237,1.0,2.0,70.0,30.0,46.21621621621622
238,0.0,14.0,80.0,50.0,58.75
239,1.0,246.0,60.0,40.0,45.88235294117647
240,1.0,4.0,85.0,30.0,54.583333333333336
241,1.0,10.0,85.0,30.0,54.696969696969695
242,1.0,17.0,85.0,35.0,62.608695652173914
243,1.0,29.0,75.0,35.0,61.02272727272727
244,1.0,3.0,130.0,25.0,74.75
245,0.0,5.0,105.0,55.0,83.65384615384616
246,0.0,27.0,100.0,40.0,72.5
247,0.0,6.0,85.0,30.0,60.416666666666664
248,0.0,16.0,85.0,35.0,76.52777777777777
249,1.0,2.0,105.0,35.0,75.6
250,0.0,11.0,45.0,35.0,40.416666666666664
251,0.0,206.0,60.0,35.0,46.42857142857143
252,0.0,2.0,60.0,35.0,44.77272727272727
253,0.0,25.0,50.0,35.0,43.0
254,1.0,39.0,35.0,30.0,33.333333333333336
255,1.0,10.0,85.0,30.0,72.43243243243244
256,0.0,15.0,50.0,35.0,42.638888888888886
257,0.0,4.0,105.0,35.0,71.44736842105263
258,0.0,14.0,110.0,35.0,85.25641025641026
259,0.0,10.0,90.0,35.0,66.30434782608695
260,1.0,3.0,85.0,30.0,74.46808510638297
261,0.0,22.0,70.0,35.0,58.23529411764706
262,0.0,2.0,50.0,30.0,43.63636363636363
263,0.0,1.0,60.0,40.0,51.875
264,0.0,1.0,75.0,30.0,61.509433962264154
265,0.0,5.0,75.0,35.0,60.90909090909091
266,0.0,14.0,90.0,25.0,67.5
267,1.0,29.0,70.0,35.0,55.142857142857146
268,0.0,7.0,70.0,35.0,55.0
269,0.0,3.0,70.0,35.0,54.23076923076923
270,0.0,192.0,50.0,25.0,44.130434782608695
271,1.0,18.0,70.0,25.0,45.833333333333336
272,1.0,41.0,50.0,30.0,42.5
273,1.0,17.0,110.0,35.0,68.4090909090909
274,0.0,6.0,110.0,35.0,78.82352941176471
275,1.0,17.0,50.0,35.0,38.392857142857146
276,1.0,15.0,70.0,35.0,50.55555555555556
277,1.0,24.0,95.0,35.0,64.25
278,0.0,16.0,50.0,35.0,43.87096774193548
279,0.0,180.0,85.0,40.0,67.5
280,0.0,30.0,70.0,35.0,51.458333333333336
281,1.0,65.0,65.0,35.0,46.2
282,0.0,13.0,70.0,30.0,55.76923076923077
283,0.0,1.0,90.0,35.0,76.5625
284,0.0,10.0,70.0,35.0,56.125
285,1.0,0.0,95.0,35.0,60.57377049180328
286,0.0,17.0,50.0,35.0,43.54838709677419
287,0.0,6.0,60.0,35.0,46.55172413793103
288,1.0,234.0,50.0,30.0,41.111111111111114
289,0.0,83.0,50.0,30.0,39.0
290,1.0,8.0,50.0,30.0,43.78048780487805
291,0.0,66.0,105.0,45.0,81.36363636363636
292,0.0,245.0,80.0,35.0,68.33333333333333
293,1.0,45.0,80.0,25.0,57.72727272727273
294,0.0,1.0,65.0,25.0,60.19607843137255
295,1.0,15.0,110.0,35.0,80.96774193548387
296,0.0,14.0,85.0,30.0,66.47058823529412
297,0.0,13.0,85.0,35.0,66.93181818181819
298,0.0,5.0,85.0,35.0,62.43589743589744
299,1.0,3.0,45.0,35.0,41.6
300,0.0,5.0,55.0,30.0,41.0
301,0.0,22.0,75.0,35.0,61.029411764705884
302,0.0,219.0,50.0,35.0,43.84615384615385
303,1.0,67.0,45.0,35.0,40.75757575757576
304,0.0,19.0,65.0,35.0,51.875
305,0.0,5.0,85.0,35.0,68.62068965517241
306,1.0,4.0,50.0,35.0,42.2972972972973
307,0.0,13.0,85.0,25.0,73.02083333333333
308,0.0,10.0,50.0,35.0,44.54545454545455
309,0.0,8.0,85.0,35.0,73.11111111111111
310,0.0,8.0,80.0,40.0,59.166666666666664
311,1.0,234.0,45.0,35.0,42.285714285714285
312,1.0,22.0,65.0,35.0,57.5
313,0.0,40.0,85.0,30.0,61.07142857142857
314,0.0,2.0,105.0,35.0,72.9
315,1.0,0.0,100.0,35.0,71.80851063829788
316,0.0,0.0,85.0,35.0,66.875
317,1.0,5.0,105.0,40.0,72.26666666666667
318,0.0,15.0,85.0,35.0,72.94871794871794
319,1.0,21.0,85.0,30.0,54.791666666666664
320,1.0,2.0,105.0,35.0,85.89285714285714
321,1.0,23.0,115.0,35.0,70.85714285714286
322,1.0,16.0,50.0,30.0,40.9375
323,0.0,213.0,60.0,35.0,46.71875
324,0.0,60.0,35.0,35.0,35.0
325,1.0,25.0,50.0,25.0,40.26315789473684
326,0.0,19.0,100.0,35.0,75.0
327,1.0,13.0,105.0,35.0,70.87719298245614
328,1.0,10.0,105.0,35.0,72.85714285714286
329,0.0,10.0,115.0,35.0,85.625
330,0.0,297.0,95.0,35.0,74.16666666666667
331,1.0,8.0,50.0,25.0,41.470588235294116
332,0.0,37.0,95.0,30.0,74.16666666666667
333,0.0,4.0,50.0,30.0,45.64102564102564
334,1.0,10.0,35.0,25.0,33.541666666666664
335,0.0,1.0,90.0,35.0,73.47457627118644
336,1.0,265.0,35.0,25.0,34.11764705882353
337,1.0,57.0,85.0,25.0,46.911764705882355
338,1.0,19.0,100.0,35.0,83.17307692307692
339,0.0,4.0,85.0,35.0,75.93023255813954
340,1.0,15.0,110.0,35.0,73.42857142857143
341,1.0,19.0,85.0,35.0,56.0
342,0.0,32.0,85.0,35.0,73.05084745762711
343,0.0,277.0,50.0,35.0,42.916666666666664
344,0.0,10.0,85.0,35.0,73.83720930232558
345,1.0,10.0,75.0,40.0,66.875
346,1.0,5.0,60.0,25.0,49.4
347,0.0,14.0,40.0,35.0,37.25
348,1.0,14.0,70.0,40.0,45.648148148148145
349,1.0,283.0,55.0,40.0,49.72222222222222
350,1.0,28.0,70.0,25.0,44.0
351,1.0,4.0,75.0,30.0,55.0
352,0.0,2.0,70.0,45.0,65.41666666666667
353,0.0,7.0,95.0,35.0,80.24590163934427
354,1.0,8.0,50.0,25.0,45.116279069767444
355,1.0,5.0,50.0,30.0,47.285714285714285
356,1.0,0.0,115.0,25.0,66.73469387755102
357,0.0,7.0,45.0,30.0,36.15384615384615
358,0.0,19.0,60.0,45.0,50.88235294117647
359,0.0,6.0,40.0,35.0,37.083333333333336
360,0.0,242.0,50.0,20.0,46.57142857142857
361,1.0,32.0,35.0,25.0,32.857142857142854
362,1.0,6.0,85.0,30.0,55.625
363,1.0,26.0,130.0,35.0,71.69172932330827
364,0.0,5.0,90.0,40.0,64.53488372093024
365,0.0,29.0,105.0,35.0,79.8076923076923
366,1.0,8.0,50.0,35.0,41.34615384615385
367,0.0,5.0,40.0,40.0,40.0
368,0.0,11.0,40.0,25.0,33.57142857142857
369,1.0,12.0,95.0,35.0,56.21951219512195
370,0.0,293.0,55.0,30.0,39.6875
371,1.0,11.0,125.0,30.0,53.888888888888886
372,0.0,1.0,105.0,30.0,68.3
373,0.0,3.0,85.0,20.0,64.03225806451613
374,1.0,23.0,45.0,25.0,35.714285714285715
375,0.0,6.0,60.0,30.0,40.714285714285715
376,1.0,14.0,40.0,25.0,34.375
377,0.0,230.0,45.0,30.0,37.5
378,1.0,20.0,35.0,25.0,30.238095238095237
379,1.0,3.0,60.0,30.0,50.8974358974359
380,1.0,29.0,70.0,30.0,49.166666666666664
381,1.0,16.0,80.0,25.0,42.32394366197183
382,0.0,7.0,45.0,25.0,33.05555555555556
383,0.0,4.0,70.0,35.0,52.5
384,0.0,11.0,90.0,30.0,69.9090909090909
385,1.0,3.0,70.0,35.0,47.38636363636363
386,0.0,9.0,50.0,30.0,39.166666666666664
387,1.0,14.0,45.0,25.0,35.625
388,0.0,10.0,60.0,35.0,41.53846153846154
389,0.0,15.0,50.0,30.0,40.9375
390,0.0,225.0,70.0,30.0,49.166666666666664
391,1.0,9.0,50.0,30.0,39.78260869565217
392,1.0,87.0,70.0,25.0,39.32432432432432
393,0.0,17.0,85.0,35.0,55.64102564102564
394,1.0,29.0,90.0,30.0,53.52272727272727
395,0.0,262.0,60.0,20.0,43.75
396,0.0,16.0,70.0,35.0,50.416666666666664
397,0.0,34.0,105.0,35.0,79.30232558139535
398,1.0,3.0,80.0,30.0,56.36363636363637
399,1.0,7.0,85.0,30.0,62.2
400,0.0,7.0,50.0,25.0,36.09375
401,0.0,5.0,95.0,40.0,69.21052631578948
402,0.0,4.0,85.0,35.0,66.875
403,0.0,16.0,60.0,35.0,47.708333333333336
404,0.0,27.0,50.0,30.0,39.81481481481482
405,0.0,206.0,70.0,35.0,58.42857142857143
406,0.0,90.0,70.0,25.0,41.94444444444444
407,1.0,20.0,75.0,50.0,58.18181818181818
408,0.0,14.0,70.0,25.0,44.464285714285715
409,1.0,7.0,70.0,20.0,43.170731707317074
410,0.0,12.0,45.0,35.0,37.03703703703704
411,1.0,310.0,45.0,30.0,36.15384615384615
412,0.0,5.0,50.0,25.0,39.0
413,0.0,13.0,50.0,30.0,39.09090909090909
414,1.0,7.0,45.0,30.0,40.0
415,0.0,4.0,105.0,30.0,59.705882352941174
416,1.0,246.0,45.0,25.0,37.5
417,1.0,6.0,45.0,30.0,39.629629629629626
418,1.0,69.0,90.0,30.0,58.53658536585366
419,0.0,3.0,60.0,30.0,44.0
420,0.0,9.0,115.0,35.0,85.27027027027027
421,1.0,16.0,80.0,30.0,55.07936507936508
422,1.0,3.0,105.0,30.0,57.77777777777778
423,0.0,16.0,60.0,30.0,53.29545454545455
424,1.0,6.0,105.0,25.0,63.84615384615385
425,0.0,1.0,45.0,25.0,38.666666666666664
426,0.0,21.0,45.0,25.0,35.43478260869565
427,0.0,231.0,70.0,30.0,42.95454545454545
428,1.0,86.0,55.0,30.0,41.851851851851855
429,1.0,9.0,40.0,30.0,35.869565217391305
430,1.0,20.0,45.0,30.0,36.53846153846154
431,0.0,20.0,45.0,40.0,44.166666666666664
432,0.0,121.0,40.0,35.0,37.857142857142854
433,0.0,79.0,85.0,35.0,62.857142857142854
434,1.0,61.0,65.0,30.0,46.25
435,1.0,5.0,70.0,30.0,51.97674418604651
436,1.0,32.0,50.0,25.0,37.8
437,1.0,8.0,45.0,25.0,39.333333333333336
438,0.0,9.0,105.0,40.0,73.2
439,0.0,5.0,60.0,25.0,45.0
440,0.0,23.0,95.0,35.0,65.60606060606061
441,0.0,5.0,90.0,25.0,54.75
442,0.0,239.0,35.0,30.0,34.72222222222222
443,0.0,10.0,40.0,25.0,37.0
444,1.0,1.0,85.0,30.0,51.13636363636363
445,1.0,17.0,45.0,25.0,32.361111111111114
446,1.0,24.0,100.0,25.0,51.8421052631579
447,0.0,14.0,40.0,25.0,33.25
448,0.0,2.0,105.0,35.0,80.0
449,0.0,6.0,45.0,25.0,33.214285714285715
450,1.0,16.0,45.0,30.0,36.1764705882353
451,1.0,11.0,105.0,30.0,67.28571428571429
452,0.0,12.0,50.0,30.0,35.95238095238095
453,1.0,33.0,105.0,30.0,71.16666666666667
454,0.0,288.0,90.0,35.0,58.26923076923077
455,0.0,3.0,40.0,30.0,33.7037037037037
456,0.0,10.0,40.0,25.0,31.818181818181817
457,1.0,19.0,95.0,30.0,77.72727272727273
458,0.0,15.0,85.0,35.0,62.17391304347826
459,1.0,299.0,130.0,30.0,66.10169491525424
460,0.0,4.0,50.0,20.0,32.096774193548384
461,1.0,15.0,70.0,20.0,42.88461538461539
462,1.0,11.0,85.0,20.0,56.0
463,0.0,12.0,85.0,30.0,49.473684210526315
464,0.0,41.0,55.0,25.0,44.54545454545455
465,0.0,225.0,45.0,25.0,38.2
466,1.0,35.0,60.0,30.0,47.38095238095238
467,1.0,52.0,45.0,20.0,34.54545454545455
468,0.0,8.0,45.0,20.0,35.75
469,1.0,23.0,80.0,30.0,56.904761904761905
470,0.0,8.0,80.0,25.0,51.333333333333336
471,1.0,31.0,85.0,25.0,57.407407407407405
472,0.0,222.0,100.0,25.0,65.5813953488372
473,1.0,54.0,65.0,25.0,44.39393939393939
474,0.0,12.0,40.0,30.0,35.5
475,0.0,4.0,60.0,30.0,47.285714285714285
476,1.0,33.0,75.0,20.0,55.22727272727273
477,1.0,26.0,65.0,25.0,48.75
478,0.0,322.0,65.0,30.0,46.5
479,1.0,319.0,60.0,25.0,40.26315789473684
480,1.0,5.0,65.0,30.0,44.54545454545455
481,1.0,22.0,125.0,25.0,64.93333333333334
482,0.0,4.0,105.0,40.0,81.86440677966101
483,1.0,19.0,85.0,20.0,53.333333333333336
484,0.0,2.0,50.0,30.0,41.25
485,1.0,235.0,125.0,35.0,89.16666666666667
486,1.0,46.0,50.0,25.0,37.36842105263158
487,1.0,12.0,105.0,20.0,45.09803921568628
488,1.0,1.0,90.0,30.0,59.61538461538461
489,1.0,24.0,100.0,30.0,64.25
490,0.0,8.0,50.0,25.0,40.0
491,1.0,9.0,115.0,25.0,71.06060606060606
492,1.0,6.0,95.0,30.0,51.13636363636363
493,0.0,8.0,70.0,30.0,55.96153846153846
494,1.0,9.0,45.0,25.0,38.18181818181818
495,0.0,4.0,75.0,25.0,49.57142857142857
496,0.0,15.0,105.0,35.0,76.93548387096774
497,1.0,4.0,50.0,30.0,45.38461538461539
498,0.0,3.0,105.0,30.0,70.97222222222223
499,1.0,33.0,95.0,25.0,57.55813953488372
500,0.0,237.0,60.0,30.0,45.68181818181818
501,0.0,31.0,45.0,25.0,31.96969696969697
502,0.0,24.0,60.0,30.0,42.083333333333336
503,0.0,21.0,105.0,40.0,78.57142857142857
504,1.0,315.0,130.0,30.0,86.86046511627907
505,1.0,21.0,105.0,30.0,54.464285714285715
506,0.0,1.0,90.0,30.0,65.0
507,1.0,8.0,65.0,30.0,49.0
508,0.0,2.0,60.0,35.0,45.869565217391305
509,0.0,7.0,95.0,30.0,64.81481481481481
510,0.0,296.0,40.0,25.0,35.65217391304348
511,1.0,62.0,55.0,20.0,38.75
512,1.0,0.0,130.0,20.0,80.59322033898304
513,0.0,27.0,85.0,30.0,54.61538461538461
514,1.0,42.0,40.0,20.0,33.92857142857143
515,0.0,302.0,60.0,30.0,44.583333333333336
516,0.0,9.0,95.0,30.0,64.60526315789474
517,1.0,3.0,85.0,25.0,42.166666666666664
518,1.0,4.0,75.0,25.0,42.75
519,0.0,2.0,40.0,25.0,36.388888888888886
520,1.0,264.0,75.0,25.0,42.291666666666664
521,1.0,80.0,80.0,15.0,44.53488372093023
522,0.0,2.0,70.0,30.0,40.0
523,0.0,2.0,110.0,40.0,84.89583333333333
524,0.0,37.0,80.0,35.0,55.714285714285715
525,0.0,5.0,70.0,30.0,50.833333333333336
526,1.0,30.0,120.0,35.0,77.67441860465117
527,0.0,205.0,50.0,25.0,33.75
528,0.0,93.0,45.0,25.0,30.833333333333332
529,0.0,5.0,105.0,30.0,77.5
530,0.0,23.0,70.0,30.0,51.55172413793103
531,0.0,1.0,95.0,25.0,49.02173913043478
532,0.0,253.0,45.0,25.0,33.75
533,1.0,71.0,50.0,25.0,33.035714285714285
534,0.0,6.0,90.0,25.0,57.05128205128205
535,0.0,3.0,45.0,30.0,37.35294117647059
536,0.0,14.0,70.0,25.0,43.095238095238095
537,0.0,18.0,105.0,40.0,70.60975609756098
538,1.0,3.0,70.0,30.0,44.77272727272727
539,1.0,1.0,55.0,35.0,47.857142857142854
540,1.0,8.0,50.0,30.0,36.52173913043478
541,0.0,238.0,40.0,35.0,36.25
542,0.0,40.0,40.0,30.0,36.42857142857143
543,0.0,19.0,55.0,30.0,44.09090909090909
544,0.0,10.0,105.0,25.0,66.0
545,0.0,18.0,95.0,35.0,73.75
546,1.0,7.0,75.0,35.0,49.827586206896555
547,0.0,4.0,40.0,25.0,35.833333333333336
548,0.0,3.0,50.0,25.0,38.958333333333336
549,1.0,14.0,65.0,25.0,42.77777777777778
550,0.0,3.0,50.0,30.0,45.625
551,1.0,22.0,145.0,25.0,73.75
552,0.0,286.0,70.0,35.0,49.473684210526315
553,0.0,7.0,70.0,25.0,50.0
554,0.0,12.0,35.0,25.0,32.72727272727273
555,0.0,82.0,45.0,30.0,37.5
556,1.0,237.0,80.0,30.0,46.388888888888886
557,1.0,7.0,120.0,25.0,62.659574468085104
558,0.0,22.0,105.0,25.0,74.76190476190476
559,1.0,12.0,100.0,20.0,60.96774193548387
560,0.0,9.0,115.0,30.0,78.94736842105263
561,0.0,1.0,90.0,30.0,71.05263157894737
562,0.0,0.0,35.0,25.0,30.555555555555557
563,1.0,10.0,130.0,25.0,90.65217391304348
564,0.0,12.0,90.0,30.0,67.38095238095238
565,0.0,11.0,35.0,25.0,32.72727272727273
566,0.0,29.0,130.0,25.0,73.33333333333333
567,0.0,279.0,35.0,25.0,33.05555555555556
568,0.0,15.0,110.0,30.0,76.55555555555556
569,0.0,20.0,80.0,30.0,52.69230769230769
570,0.0,1.0,70.0,30.0,43.214285714285715
571,0.0,7.0,95.0,35.0,70.0
572,1.0,16.0,50.0,25.0,37.05882352941177
573,0.0,14.0,40.0,30.0,37.142857142857146
574,0.0,20.0,40.0,30.0,34.75
575,0.0,258.0,50.0,30.0,41.666666666666664
576,1.0,4.0,90.0,30.0,48.369565217391305
577,1.0,25.0,80.0,20.0,49.166666666666664
578,0.0,5.0,50.0,25.0,40.689655172413794
579,1.0,2.0,140.0,25.0,82.41935483870968
580,0.0,32.0,60.0,35.0,53.5
581,0.0,260.0,80.0,40.0,62.72727272727273
582,1.0,84.0,80.0,30.0,55.0
583,1.0,6.0,135.0,30.0,69.17910447761194
584,0.0,20.0,50.0,30.0,45.0
585,0.0,4.0,60.0,40.0,57.5
586,0.0,306.0,70.0,30.0,53.0
587,0.0,8.0,110.0,30.0,70.8
588,1.0,50.0,135.0,30.0,56.54320987654321
589,0.0,249.0,60.0,30.0,45.416666666666664
590,1.0,17.0,45.0,25.0,37.63157894736842
591,1.0,30.0,60.0,20.0,37.11538461538461
592,0.0,6.0,50.0,25.0,42.94117647058823
593,0.0,16.0,35.0,25.0,29.523809523809526
594,0.0,5.0,40.0,25.0,30.384615384615383
595,0.0,2.0,115.0,25.0,57.5
596,0.0,15.0,85.0,35.0,57.42424242424242
597,0.0,20.0,65.0,25.0,48.2
598,0.0,5.0,40.0,30.0,33.46153846153846
599,0.0,14.0,55.0,30.0,44.166666666666664
600,0.0,10.0,50.0,25.0,40.0
601,0.0,11.0,45.0,25.0,34.31818181818182
602,0.0,165.0,55.0,30.0,42.0
603,0.0,99.0,55.0,25.0,43.69565217391305
604,1.0,14.0,130.0,20.0,61.76470588235294
605,1.0,4.0,75.0,30.0,46.794871794871796
606,0.0,5.0,140.0,30.0,74.52054794520548
607,0.0,5.0,60.0,30.0,47.5
608,1.0,7.0,65.0,35.0,43.81578947368421
609,0.0,2.0,55.0,35.0,45.34090909090909
610,1.0,7.0,55.0,20.0,37.05882352941177
611,0.0,3.0,125.0,25.0,61.935483870967744
612,0.0,9.0,40.0,35.0,38.0
613,0.0,1.0,60.0,30.0,38.93617021276596
614,0.0,10.0,50.0,30.0,41.388888888888886
615,0.0,12.0,60.0,30.0,46.15384615384615
616,0.0,4.0,150.0,25.0,90.63492063492063
617,0.0,192.0,85.0,35.0,61.12903225806452
618,0.0,41.0,45.0,25.0,38.18181818181818
619,0.0,20.0,95.0,30.0,71.69811320754717
620,1.0,10.0,45.0,25.0,31.90909090909091
621,0.0,0.0,50.0,25.0,38.63636363636363
622,1.0,20.0,80.0,30.0,58.23529411764706
623,1.0,1.0,120.0,30.0,68.2258064516129
624,0.0,8.0,40.0,25.0,31.774193548387096
625,1.0,1.0,140.0,25.0,74.41666666666667
626,0.0,3.0,55.0,25.0,38.088235294117645
627,0.0,5.0,35.0,25.0,29.285714285714285
628,1.0,8.0,120.0,20.0,71.36363636363636
629,0.0,2.0,120.0,30.0,77.66666666666667
630,0.0,6.0,95.0,30.0,52.17391304347826
631,0.0,8.0,140.0,30.0,75.26315789473684
632,0.0,7.0,65.0,45.0,56.470588235294116
633,0.0,0.0,40.0,30.0,33.4375
634,0.0,24.0,110.0,35.0,75.45454545454545
635,0.0,1.0,80.0,25.0,44.63636363636363
636,0.0,20.0,70.0,35.0,53.5
637,0.0,201.0,50.0,30.0,40.0
638,1.0,38.0,85.0,30.0,53.38028169014085
639,0.0,10.0,80.0,25.0,52.61904761904762
640,1.0,29.0,75.0,25.0,47.25
641,0.0,6.0,35.0,30.0,34.09090909090909
642,0.0,6.0,70.0,20.0,51.851851851851855
643,1.0,4.0,45.0,25.0,37.333333333333336
644,1.0,11.0,90.0,25.0,58.541666666666664
645,0.0,2.0,45.0,25.0,34.48275862068966
646,0.0,13.0,50.0,25.0,39.833333333333336
647,0.0,0.0,85.0,35.0,66.25
648,1.0,18.0,50.0,25.0,37.391304347826086
649,0.0,32.0,40.0,30.0,35.88235294117647
650,0.0,176.0,100.0,20.0,56.07142857142857
651,0.0,93.0,50.0,30.0,36.76470588235294
652,0.0,13.0,115.0,25.0,73.6046511627907
653,1.0,1.0,160.0,25.0,73.46153846153847
654,0.0,24.0,50.0,25.0,34.333333333333336
655,0.0,25.0,120.0,25.0,79.35897435897436
656,0.0,12.0,75.0,25.0,47.638888888888886
657,1.0,4.0,90.0,20.0,58.205128205128204
658,0.0,222.0,40.0,25.0,36.22222222222222
659,1.0,7.0,40.0,30.0,39.34782608695652
660,0.0,7.0,45.0,25.0,40.38461538461539
661,1.0,30.0,70.0,30.0,53.125
662,1.0,1.0,40.0,25.0,33.5
663,1.0,8.0,90.0,30.0,55.208333333333336
664,0.0,3.0,45.0,30.0,34.354838709677416
665,0.0,8.0,35.0,25.0,32.142857142857146
666,0.0,5.0,65.0,30.0,56.5
667,1.0,5.0,50.0,25.0,34.642857142857146
668,0.0,3.0,95.0,30.0,73.9795918367347
669,0.0,10.0,70.0,30.0,46.15384615384615
670,0.0,1.0,35.0,30.0,34.0
671,0.0,1.0,105.0,30.0,66.19718309859155
672,0.0,9.0,45.0,25.0,34.77272727272727
673,0.0,21.0,90.0,30.0,69.64285714285714
674,0.0,54.0,35.0,25.0,32.22222222222222
675,0.0,239.0,55.0,35.0,42.0
676,1.0,4.0,60.0,25.0,44.285714285714285
677,0.0,22.0,55.0,25.0,39.82142857142857
678,1.0,16.0,60.0,20.0,36.41025641025641
679,0.0,1.0,85.0,35.0,66.875
680,0.0,3.0,60.0,35.0,49.44444444444444
681,0.0,3.0,110.0,40.0,81.29032258064517
682,1.0,4.0,50.0,20.0,38.04347826086956
683,0.0,6.0,85.0,35.0,70.0
684,0.0,6.0,65.0,30.0,42.857142857142854
685,1.0,16.0,40.0,25.0,34.54545454545455
686,0.0,75.0,70.0,40.0,56.36363636363637
687,0.0,219.0,70.0,35.0,52.27272727272727
688,0.0,2.0,60.0,35.0,48.57142857142857
689,1.0,13.0,85.0,20.0,62.708333333333336
690,0.0,17.0,105.0,25.0,69.375
691,0.0,0.0,35.0,25.0,30.0
692,1.0,31.0,140.0,30.0,79.47368421052632
693,1.0,6.0,50.0,30.0,40.0
694,0.0,22.0,35.0,25.0,30.263157894736842
695,0.0,217.0,60.0,25.0,43.666666666666664
696,1.0,56.0,55.0,20.0,40.714285714285715
697,1.0,8.0,65.0,25.0,39.1
698,0.0,39.0,55.0,30.0,40.625
699,1.0,18.0,45.0,25.0,37.36842105263158
700,0.0,17.0,120.0,25.0,76.0
701,0.0,204.0,80.0,25.0,50.12820512820513
702,0.0,76.0,55.0,20.0,39.6875
703,1.0,2.0,85.0,20.0,50.96774193548387
704,1.0,21.0,85.0,25.0,51.973684210526315
705,0.0,12.0,95.0,25.0,55.88235294117647
706,0.0,11.0,85.0,25.0,54.285714285714285
707,1.0,4.0,45.0,15.0,34.310344827586206
708,0.0,28.0,85.0,30.0,60.0
709,0.0,4.0,70.0,25.0,51.05263157894737
710,0.0,322.0,70.0,35.0,50.95238095238095
711,0.0,6.0,50.0,20.0,35.45454545454545
712,1.0,1.0,110.0,25.0,59.375
713,0.0,5.0,70.0,30.0,51.09375
714,0.0,10.0,115.0,25.0,61.55172413793103
715,1.0,12.0,105.0,35.0,58.63636363636363
716,1.0,292.0,45.0,20.0,30.666666666666668
717,0.0,14.0,50.0,25.0,34.583333333333336
718,1.0,6.0,70.0,20.0,48.26923076923077
719,1.0,2.0,100.0,25.0,60.13157894736842
720,0.0,21.0,95.0,25.0,58.717948717948715
721,0.0,3.0,45.0,25.0,40.3125
722,0.0,9.0,45.0,35.0,38.7037037037037
723,0.0,3.0,45.0,30.0,38.46153846153846
724,0.0,10.0,60.0,30.0,48.86363636363637
725,0.0,3.0,45.0,30.0,37.916666666666664
726,0.0,23.0,45.0,30.0,37.5
727,0.0,262.0,95.0,30.0,55.535714285714285
728,1.0,19.0,90.0,25.0,53.333333333333336
729,0.0,6.0,50.0,30.0,43.84615384615385
730,0.0,13.0,120.0,45.0,85.0
731,0.0,12.0,105.0,45.0,86.66666666666667
732,0.0,2.0,45.0,30.0,40.27777777777778
733,0.0,13.0,85.0,25.0,60.5
734,1.0,3.0,55.0,25.0,43.125
735,0.0,10.0,60.0,40.0,50.0
736,0.0,9.0,95.0,45.0,73.0
737,0.0,267.0,40.0,25.0,35.38461538461539
738,0.0,11.0,70.0,30.0,53.75
739,0.0,6.0,55.0,25.0,45.666666666666664
740,1.0,17.0,70.0,30.0,47.61904761904762
741,0.0,2.0,105.0,25.0,73.75
742,0.0,22.0,50.0,25.0,39.25
743,1.0,0.0,55.0,25.0,40.38461538461539
744,1.0,10.0,125.0,35.0,84.375
745,0.0,2.0,70.0,30.0,56.785714285714285
746,0.0,9.0,85.0,35.0,54.13793103448276
747,0.0,0.0,45.0,30.0,38.07692307692308
748,0.0,11.0,40.0,30.0,38.07692307692308
749,0.0,1.0,70.0,35.0,51.0
750,1.0,20.0,125.0,30.0,68.92156862745098
751,0.0,231.0,60.0,25.0,43.333333333333336
752,1.0,29.0,85.0,25.0,47.96610169491525
753,0.0,14.0,35.0,25.0,32.69230769230769
754,0.0,15.0,50.0,30.0,44.583333333333336
755,0.0,7.0,60.0,25.0,45.666666666666664
756,1.0,5.0,100.0,20.0,66.66666666666667
757,0.0,5.0,60.0,25.0,43.0
758,1.0,6.0,35.0,20.0,30.0
759,0.0,3.0,50.0,30.0,43.92857142857143
760,1.0,20.0,115.0,25.0,71.41025641025641
761,0.0,8.0,80.0,25.0,47.95454545454545
762,0.0,246.0,85.0,30.0,49.23076923076923
763,0.0,22.0,35.0,20.0,31.071428571428573
764,1.0,51.0,70.0,30.0,50.833333333333336
765,1.0,18.0,35.0,30.0,34.166666666666664
766,1.0,19.0,85.0,35.0,57.11538461538461
767,0.0,4.0,80.0,30.0,58.0
768,1.0,26.0,85.0,25.0,43.717948717948715
769,1.0,273.0,40.0,20.0,31.923076923076923
770,1.0,9.0,45.0,30.0,36.0
771,1.0,9.0,95.0,25.0,49.516129032258064
772,1.0,17.0,70.0,15.0,40.0
773,1.0,3.0,125.0,20.0,71.98630136986301
774,1.0,13.0,50.0,25.0,35.5
775,1.0,15.0,55.0,35.0,42.96296296296296
776,1.0,3.0,50.0,20.0,31.5625
777,0.0,0.0,50.0,40.0,48.46153846153846
778,1.0,9.0,90.0,25.0,57.5
779,0.0,218.0,105.0,35.0,78.86363636363636
780,0.0,46.0,45.0,25.0,35.357142857142854
781,1.0,50.0,35.0,15.0,27.77777777777778
782,0.0,4.0,105.0,30.0,68.18181818181819
783,1.0,2.0,50.0,25.0,40.5
784,1.0,3.0,70.0,20.0,39.54545454545455
785,0.0,3.0,115.0,35.0,65.27777777777777
786,0.0,11.0,55.0,35.0,45.357142857142854
787,1.0,15.0,115.0,40.0,85.0
788,1.0,36.0,110.0,30.0,61.785714285714285
789,0.0,286.0,65.0,40.0,55.45454545454545
790,0.0,2.0,95.0,35.0,66.75675675675676
791,1.0,7.0,115.0,35.0,62.5
792,1.0,4.0,40.0,25.0,36.07142857142857
793,0.0,0.0,110.0,30.0,79.14285714285714
794,1.0,2.0,50.0,20.0,38.18181818181818
795,0.0,6.0,65.0,30.0,45.319148936170215
796,1.0,2.0,45.0,25.0,33.57142857142857
797,0.0,7.0,50.0,30.0,41.875
798,1.0,0.0,80.0,20.0,54.25925925925926
799,1.0,7.0,70.0,35.0,55.45454545454545
800,1.0,5.0,95.0,25.0,43.53658536585366
801,0.0,11.0,50.0,30.0,42.38095238095238
802,0.0,0.0,80.0,30.0,53.714285714285715
803,0.0,19.0,50.0,35.0,41.470588235294116
804,0.0,2.0,45.0,30.0,37.63157894736842
805,1.0,282.0,55.0,25.0,40.55555555555556
806,1.0,6.0,110.0,30.0,68.43137254901961
807,1.0,3.0,90.0,15.0,51.166666666666664
808,0.0,9.0,95.0,35.0,61.80327868852459
809,0.0,2.0,125.0,50.0,84.86486486486487
810,1.0,7.0,105.0,20.0,59.1025641025641
811,0.0,19.0,120.0,40.0,79.86842105263158
812,0.0,4.0,95.0,35.0,61.54761904761905
813,0.0,7.0,40.0,25.0,35.333333333333336
814,1.0,3.0,90.0,25.0,61.5625
815,0.0,2.0,100.0,40.0,69.62962962962963
816,1.0,4.0,115.0,20.0,56.61290322580645
817,0.0,1.0,60.0,25.0,45.645161290322584
818,1.0,7.0,70.0,30.0,53.095238095238095
819,0.0,2.0,40.0,25.0,32.142857142857146
820,0.0,14.0,45.0,30.0,37.5
821,0.0,53.0,60.0,30.0,45.5
822,0.0,134.0,55.0,40.0,48.53658536585366
823,1.0,78.0,80.0,30.0,65.41666666666667
824,0.0,10.0,50.0,30.0,44.333333333333336
825,1.0,15.0,115.0,25.0,66.15384615384616
826,0.0,5.0,80.0,25.0,43.026315789473685
827,0.0,1.0,130.0,30.0,77.9090909090909
828,0.0,17.0,100.0,30.0,74.57142857142857
829,1.0,10.0,50.0,25.0,42.27272727272727
830,1.0,13.0,85.0,25.0,59.62264150943396
831,0.0,3.0,55.0,25.0,38.47826086956522
832,0.0,49.0,65.0,50.0,56.75
833,0.0,61.0,70.0,35.0,56.94444444444444
834,0.0,198.0,60.0,25.0,47.69230769230769
835,1.0,9.0,85.0,20.0,40.07575757575758
836,1.0,4.0,45.0,20.0,37.5
837,0.0,8.0,95.0,45.0,70.375
838,0.0,16.0,45.0,30.0,36.2
839,0.0,0.0,105.0,30.0,67.58620689655173
840,0.0,1.0,60.0,25.0,41.53846153846154
841,0.0,11.0,40.0,25.0,31.666666666666668
842,0.0,14.0,90.0,30.0,49.285714285714285
843,1.0,35.0,125.0,25.0,65.13888888888889
844,0.0,182.0,50.0,30.0,42.2
845,1.0,47.0,60.0,20.0,39.62264150943396
846,0.0,31.0,45.0,25.0,37.77777777777778
847,1.0,17.0,80.0,25.0,60.76923076923077
848,1.0,1.0,140.0,25.0,74.23076923076923
849,0.0,10.0,35.0,25.0,31.53846153846154
850,1.0,7.0,65.0,30.0,50.57142857142857
851,0.0,0.0,100.0,45.0,75.89285714285714
852,1.0,8.0,45.0,25.0,35.43478260869565
853,1.0,9.0,100.0,40.0,63.421052631578945
854,0.0,1.0,70.0,45.0,59.02439024390244
855,0.0,4.0,55.0,30.0,42.89473684210526
856,1.0,47.0,75.0,25.0,55.875
857,0.0,14.0,45.0,25.0,37.333333333333336
858,0.0,172.0,55.0,30.0,43.333333333333336
859,0.0,21.0,45.0,30.0,38.214285714285715
860,0.0,6.0,60.0,25.0,40.689655172413794
861,1.0,16.0,95.0,25.0,55.0
862,0.0,17.0,45.0,35.0,41.0
863,1.0,29.0,50.0,25.0,37.857142857142854
864,1.0,6.0,100.0,30.0,70.83333333333333
865,0.0,5.0,75.0,35.0,54.44444444444444
866,1.0,1.0,110.0,25.0,74.26829268292683
867,0.0,4.0,40.0,30.0,35.625
868,1.0,5.0,55.0,30.0,44.54545454545455
869,0.0,9.0,40.0,25.0,33.63636363636363
870,1.0,1.0,60.0,25.0,42.083333333333336
871,0.0,10.0,85.0,25.0,53.020833333333336
872,1.0,42.0,115.0,25.0,80.0
873,0.0,44.0,35.0,25.0,31.19047619047619
874,0.0,213.0,65.0,30.0,48.57142857142857
875,1.0,3.0,60.0,20.0,41.07142857142857
876,1.0,4.0,120.0,30.0,77.44897959183673
877,1.0,14.0,90.0,25.0,51.64179104477612
878,0.0,4.0,85.0,25.0,47.416666666666664
879,1.0,8.0,45.0,25.0,35.0
880,0.0,1.0,90.0,35.0,70.80645161290323
881,1.0,7.0,65.0,25.0,41.07142857142857
882,1.0,2.0,120.0,25.0,59.78260869565217
883,1.0,9.0,105.0,25.0,71.53846153846153
884,1.0,2.0,150.0,25.0,86.0
885,0.0,17.0,45.0,30.0,34.77272727272727
886,0.0,4.0,55.0,40.0,49.72222222222222
887,1.0,-286.0,95.0,25.0,54.0
888,1.0,528.0,80.0,25.0,54.09090909090909
889,1.0,43.0,50.0,20.0,34.0
890,1.0,15.0,75.0,25.0,50.0
891,0.0,29.0,105.0,25.0,74.4
892,0.0,3.0,60.0,30.0,46.8421052631579
893,1.0,1.0,50.0,25.0,40.833333333333336
894,0.0,9.0,50.0,25.0,36.36363636363637
895,1.0,41.0,80.0,25.0,44.03846153846154
896,0.0,-146.0,85.0,25.0,59.833333333333336
897,0.0,124.0,40.0,30.0,34.285714285714285
898,0.0,5.0,40.0,30.0,33.75
899,1.0,36.0,55.0,35.0,48.25
900,0.0,201.0,40.0,25.0,35.45454545454545
901,1.0,16.0,65.0,25.0,43.75
902,1.0,45.0,110.0,30.0,64.0
903,1.0,25.0,55.0,25.0,40.357142857142854
904,0.0,5.0,120.0,25.0,75.63157894736842
905,1.0,9.0,35.0,25.0,33.5
906,1.0,4.0,55.0,25.0,39.333333333333336
907,0.0,33.0,75.0,25.0,48.10344827586207
908,0.0,234.0,50.0,25.0,42.0
909,1.0,55.0,55.0,20.0,40.5
910,0.0,3.0,60.0,25.0,42.2972972972973
911,0.0,12.0,120.0,25.0,71.38297872340425
912,0.0,7.0,115.0,25.0,70.33333333333333
913,1.0,5.0,95.0,25.0,53.714285714285715
914,0.0,10.0,75.0,25.0,44.5
915,1.0,7.0,50.0,25.0,31.61764705882353
916,0.0,3.0,130.0,25.0,65.55555555555556
917,0.0,10.0,95.0,50.0,71.15384615384616
918,1.0,-132.0,85.0,30.0,60.8974358974359
919,0.0,143.0,55.0,25.0,39.72222222222222
920,0.0,225.0,60.0,30.0,46.53846153846154
921,1.0,18.0,55.0,20.0,34.583333333333336
922,0.0,3.0,60.0,25.0,44.666666666666664
923,1.0,16.0,75.0,30.0,48.0
924,1.0,18.0,65.0,25.0,39.57142857142857
925,1.0,27.0,75.0,25.0,41.13636363636363
926,1.0,22.0,50.0,35.0,41.666666666666664
927,0.0,11.0,65.0,25.0,45.588235294117645
928,1.0,7.0,115.0,25.0,55.3
929,0.0,9.0,105.0,30.0,80.54347826086956
930,1.0,8.0,40.0,20.0,31.53846153846154
931,1.0,-73.0,75.0,25.0,45.294117647058826
932,0.0,26.0,60.0,25.0,43.75
933,0.0,12.0,60.0,40.0,50.666666666666664
934,0.0,287.0,55.0,25.0,39.523809523809526
935,1.0,17.0,50.0,20.0,28.88888888888889
936,1.0,18.0,70.0,30.0,48.088235294117645
937,1.0,21.0,60.0,20.0,33.58695652173913
938,0.0,12.0,75.0,25.0,57.142857142857146
939,1.0,14.0,125.0,25.0,85.625
940,1.0,5.0,100.0,20.0,48.63636363636363
941,1.0,-16.0,50.0,20.0,29.875
942,0.0,322.0,40.0,25.0,33.333333333333336
943,0.0,44.0,100.0,35.0,82.25
944,0.0,1.0,120.0,40.0,87.07317073170732
945,0.0,3.0,150.0,25.0,67.84313725490196
946,0.0,4.0,105.0,50.0,76.75
947,0.0,2.0,125.0,25.0,81.56716417910448
948,0.0,18.0,35.0,25.0,31.428571428571427
949,0.0,16.0,110.0,30.0,66.46341463414635
950,0.0,11.0,60.0,30.0,36.785714285714285
951,0.0,5.0,140.0,45.0,99.25
952,0.0,4.0,70.0,30.0,40.588235294117645
953,0.0,294.0,60.0,40.0,53.666666666666664
954,0.0,1.0,85.0,15.0,44.333333333333336
955,0.0,16.0,35.0,15.0,26.956521739130434
956,0.0,17.0,60.0,25.0,32.625
957,0.0,15.0,95.0,25.0,55.73170731707317
958,0.0,290.0,100.0,25.0,64.16666666666667
959,0.0,20.0,90.0,25.0,50.23255813953488
960,0.0,21.0,105.0,30.0,70.58823529411765
961,0.0,6.0,50.0,25.0,42.142857142857146
962,0.0,3.0,70.0,25.0,43.0
963,0.0,4.0,65.0,25.0,43.26086956521739
964,0.0,3.0,85.0,25.0,52.708333333333336
965,0.0,20.0,125.0,25.0,81.81159420289855
966,0.0,9.0,95.0,20.0,62.67857142857143
967,0.0,221.0,45.0,15.0,30.833333333333332
968,0.0,56.0,50.0,25.0,33.1578947368421
969,0.0,8.0,45.0,25.0,36.15384615384615
970,0.0,2.0,55.0,25.0,31.153846153846153
971,0.0,13.0,45.0,25.0,39.61538461538461
972,0.0,8.0,135.0,25.0,70.0
973,0.0,7.0,115.0,25.0,65.06666666666666
974,0.0,1.0,100.0,25.0,68.87755102040816
975,0.0,8.0,40.0,20.0,31.842105263157894
976,0.0,15.0,125.0,30.0,82.91666666666667
977,0.0,10.0,130.0,15.0,73.66666666666667
978,0.0,28.0,110.0,25.0,48.714285714285715
979,0.0,218.0,35.0,25.0,28.80952380952381
980,0.0,71.0,45.0,25.0,29.82758620689655
981,0.0,6.0,80.0,35.0,55.68181818181818
982,0.0,20.0,135.0,20.0,75.57971014492753
983,0.0,8.0,85.0,25.0,57.857142857142854
984,0.0,18.0,45.0,25.0,29.782608695652176
985,0.0,235.0,70.0,30.0,51.2962962962963
986,0.0,27.0,110.0,25.0,56.42857142857143
987,0.0,12.0,65.0,25.0,46.111111111111114
988,0.0,9.0,70.0,25.0,35.416666666666664
989,0.0,0.0,75.0,25.0,54.86486486486486
990,0.0,30.0,45.0,25.0,37.69230769230769
991,0.0,11.0,110.0,25.0,78.98550724637681
992,0.0,19.0,50.0,25.0,32.30769230769231
993,0.0,1.0,45.0,15.0,35.0
994,0.0,6.0,130.0,25.0,76.23456790123457
995,0.0,38.0,45.0,25.0,33.333333333333336
996,0.0,218.0,70.0,25.0,52.30769230769231
997,0.0,0.0,-99.0,-99.0,-99.0
998,0.0,4.0,-99.0,-99.0,-99.0
999,0.0,4.0,-99.0,-99.0,-99.0
1000,0.0,17.0,-99.0,-99.0,-99.0
1001,0.0,16.0,-99.0,-99.0,-99.0
1002,0.0,13.0,-99.0,-99.0,-99.0
1003,0.0,7.0,-99.0,-99.0,-99.0
1004,0.0,6.0,-99.0,-99.0,-99.0
1005,0.0,4.0,-99.0,-99.0,-99.0
1006,0.0,8.0,-99.0,-99.0,-99.0
1007,0.0,8.0,75.0,30.0,47.58620689655172
1008,0.0,0.0,95.0,30.0,64.8529411764706
1009,0.0,3.0,140.0,30.0,76.78571428571429
1010,0.0,10.0,75.0,25.0,47.36363636363637
1011,0.0,4.0,-99.0,-99.0,-99.0
1012,0.0,3.0,-99.0,-99.0,-99.0
1013,0.0,1.0,-99.0,-99.0,-99.0
1014,0.0,5.0,50.0,30.0,33.333333333333336
1015,0.0,2.0,75.0,25.0,51.15384615384615
1016,0.0,2.0,-99.0,-99.0,-99.0
1017,0.0,3.0,45.0,25.0,33.214285714285715
1018,0.0,4.0,-99.0,-99.0,-99.0
1019,0.0,3.0,-99.0,-99.0,-99.0
1020,0.0,4.0,-99.0,-99.0,-99.0
1021,0.0,7.0,80.0,25.0,58.611111111111114
1022,0.0,219.0,-99.0,-99.0,-99.0
1023,0.0,16.0,65.0,25.0,36.76470588235294
1024,0.0,5.0,65.0,25.0,43.513513513513516
1025,0.0,12.0,60.0,25.0,30.0
1026,0.0,37.0,25.0,25.0,25.0
1027,0.0,16.0,70.0,25.0,46.03448275862069
1028,0.0,12.0,25.0,25.0,25.0
1029,0.0,4.0,30.0,25.0,27.0
1030,0.0,3.0,55.0,25.0,38.38709677419355
1031,0.0,3.0,70.0,20.0,50.78947368421053
1032,0.0,6.0,25.0,25.0,25.0
1033,0.0,0.0,30.0,25.0,26.363636363636363
1034,0.0,2.0,50.0,25.0,34.5
1035,0.0,18.0,-99.0,-99.0,-99.0
1036,0.0,42.0,75.0,25.0,55.588235294117645
1037,0.0,186.0,25.0,25.0,25.0
1038,0.0,0.0,25.0,25.0,25.0
1039,0.0,9.0,25.0,25.0,25.0
1040,0.0,5.0,25.0,25.0,25.0
1041,0.0,43.0,25.0,25.0,25.0
1042,0.0,0.0,30.0,25.0,26.11111111111111
1043,0.0,17.0,60.0,30.0,40.0
1044,0.0,3.0,75.0,30.0,53.5
1045,0.0,0.0,105.0,25.0,77.22222222222223
1046,1.0,10.0,150.0,25.0,74.05405405405405
1047,0.0,0.0,25.0,25.0,25.0
1048,0.0,1.0,25.0,25.0,25.0
1049,0.0,4.0,50.0,25.0,35.416666666666664
1050,0.0,0.0,100.0,30.0,59.25925925925926
1051,0.0,7.0,25.0,-99.0,15.461538461538462
1052,0.0,1.0,30.0,25.0,27.38095238095238
1053,0.0,8.0,110.0,25.0,50.26315789473684
1054,0.0,2.0,75.0,25.0,45.0
1055,0.0,3.0,25.0,25.0,25.0
1056,0.0,1.0,25.0,25.0,25.0
1057,0.0,1.0,100.0,25.0,53.58585858585859
1058,0.0,3.0,65.0,30.0,54.21052631578947
1059,0.0,5.0,60.0,30.0,50.0
1060,0.0,2.0,50.0,25.0,42.0
1061,0.0,6.0,40.0,25.0,27.045454545454547
1062,0.0,10.0,90.0,25.0,51.770833333333336
1063,0.0,11.0,90.0,20.0,44.04761904761905
1064,0.0,2.0,60.0,25.0,48.92857142857143
1065,0.0,22.0,65.0,45.0,56.45161290322581
1066,0.0,177.0,80.0,25.0,55.88235294117647
1067,0.0,63.0,70.0,25.0,30.76923076923077
1068,0.0,8.0,55.0,20.0,35.78947368421053
1069,0.0,4.0,25.0,20.0,23.40909090909091
1070,0.0,2.0,110.0,25.0,54.375
1071,0.0,3.0,30.0,20.0,25.294117647058822
1072,0.0,6.0,25.0,-99.0,6.571428571428571
1073,0.0,4.0,30.0,20.0,26.724137931034484
1074,0.0,2.0,60.0,25.0,36.333333333333336
1075,0.0,17.0,60.0,25.0,39.6
1076,0.0,2.0,25.0,20.0,22.083333333333332
1077,0.0,3.0,25.0,20.0,23.5
1078,0.0,4.0,110.0,20.0,51.25
1079,0.0,10.0,60.0,25.0,33.04347826086956
1080,0.0,1.0,25.0,20.0,23.928571428571427
1081,0.0,3.0,30.0,20.0,28.15068493150685
1082,0.0,3.0,45.0,25.0,30.0
1083,0.0,13.0,25.0,20.0,23.333333333333332
1084,0.0,8.0,90.0,30.0,52.82608695652174
1085,0.0,257.0,65.0,25.0,49.84848484848485
1086,0.0,3.0,55.0,25.0,39.666666666666664
1087,0.0,3.0,25.0,-99.0,-0.8
1088,0.0,24.0,25.0,-99.0,-0.8
1089,0.0,3.0,75.0,15.0,39.411764705882355
1090,0.0,4.0,25.0,-99.0,15.076923076923077
1091,0.0,2.0,75.0,20.0,42.93103448275862
1092,0.0,6.0,25.0,-99.0,15.352941176470589
1093,0.0,2.0,55.0,25.0,30.689655172413794
1094,0.0,8.0,55.0,25.0,32.77777777777778
1095,0.0,6.0,25.0,-99.0,16.823529411764707
1096,0.0,0.0,80.0,25.0,40.0
1097,0.0,2.0,30.0,20.0,25.454545454545453
1098,0.0,1.0,140.0,25.0,52.05882352941177
1099,0.0,2.0,95.0,25.0,58.983050847457626
1100,0.0,2.0,25.0,-99.0,13.538461538461538
1101,0.0,1.0,30.0,20.0,25.294117647058822
1102,0.0,0.0,55.0,25.0,40.294117647058826
1103,0.0,10.0,70.0,25.0,35.810810810810814
1104,0.0,15.0,55.0,25.0,39.0
1105,0.0,12.0,25.0,-99.0,20.03030303030303
1106,0.0,25.0,45.0,25.0,32.8125
1107,0.0,193.0,60.0,25.0,47.56410256410256
1108,0.0,22.0,60.0,25.0,36.25
1109,0.0,5.0,75.0,25.0,44.714285714285715
1110,0.0,21.0,25.0,20.0,23.125
1111,0.0,6.0,25.0,-99.0,12.1
1112,0.0,15.0,25.0,20.0,22.77777777777778
1113,0.0,5.0,25.0,20.0,22.692307692307693
1114,0.0,7.0,25.0,-99.0,11.6
1115,0.0,4.0,25.0,20.0,23.076923076923077
1116,0.0,6.0,25.0,20.0,22.77777777777778
1117,0.0,7.0,90.0,30.0,54.88095238095238
1118,0.0,5.0,60.0,30.0,42.41379310344828
1119,0.0,2.0,25.0,20.0,23.333333333333332
1120,0.0,14.0,70.0,30.0,42.94871794871795
1121,0.0,1.0,60.0,25.0,47.72727272727273
1122,0.0,11.0,25.0,20.0,23.235294117647058
1123,0.0,4.0,25.0,20.0,23.333333333333332
1124,0.0,11.0,30.0,20.0,28.902439024390244
1125,0.0,16.0,25.0,20.0,23.823529411764707
1126,0.0,168.0,40.0,25.0,32.2
1127,0.0,14.0,25.0,20.0,22.307692307692307
1128,0.0,53.0,25.0,20.0,23.076923076923077
1129,0.0,7.0,25.0,20.0,23.333333333333332
1130,0.0,18.0,80.0,30.0,54.77272727272727
1131,0.0,11.0,25.0,20.0,23.88888888888889
1132,0.0,10.0,40.0,25.0,30.90909090909091
1133,0.0,9.0,30.0,20.0,25.0
1134,0.0,7.0,80.0,30.0,49.0625
1135,0.0,7.0,60.0,30.0,40.595238095238095
1136,0.0,5.0,60.0,30.0,43.47826086956522
1137,0.0,8.0,30.0,-99.0,12.92
1138,0.0,10.0,100.0,30.0,60.810810810810814
1139,0.0,14.0,25.0,-99.0,10.666666666666666
1140,0.0,2.0,70.0,30.0,59.75
1141,0.0,6.0,25.0,20.0,23.333333333333332
1142,0.0,32.0,60.0,30.0,43.92857142857143
1143,0.0,217.0,30.0,-99.0,6.0
1144,0.0,2.0,25.0,20.0,22.941176470588236
1145,0.0,6.0,55.0,30.0,43.333333333333336
1146,0.0,13.0,30.0,-99.0,12.333333333333334
1147,0.0,3.0,30.0,-99.0,19.77777777777778
1148,0.0,25.0,45.0,25.0,37.10526315789474
1149,0.0,2.0,50.0,35.0,40.78947368421053
1150,0.0,12.0,55.0,25.0,36.15384615384615
1151,0.0,2.0,30.0,-99.0,12.88888888888889
1152,0.0,3.0,100.0,25.0,67.5
1153,0.0,4.0,130.0,25.0,66.22448979591837
1154,0.0,0.0,30.0,20.0,28.243243243243242
1155,0.0,2.0,45.0,30.0,37.916666666666664
1156,0.0,10.0,60.0,25.0,37.76315789473684
1157,0.0,4.0,95.0,30.0,51.666666666666664
1158,0.0,5.0,25.0,20.0,23.0
1159,0.0,4.0,30.0,-99.0,20.352941176470587
1160,0.0,7.0,65.0,30.0,42.77777777777778
1161,0.0,26.0,45.0,25.0,34.285714285714285
1162,0.0,11.0,25.0,20.0,23.46153846153846
1163,0.0,226.0,25.0,20.0,22.77777777777778
1164,0.0,3.0,30.0,20.0,26.428571428571427
1165,0.0,7.0,60.0,25.0,46.45161290322581
1166,0.0,20.0,25.0,20.0,24.0
1167,0.0,1.0,75.0,20.0,45.0
1168,0.0,3.0,25.0,-99.0,6.571428571428571
1169,0.0,27.0,30.0,-99.0,12.333333333333334
1170,0.0,4.0,100.0,20.0,38.93939393939394
1171,0.0,6.0,95.0,35.0,67.06896551724138
1172,0.0,0.0,30.0,20.0,27.5
1173,0.0,3.0,30.0,20.0,25.384615384615383
1174,0.0,5.0,25.0,-99.0,3.5
1175,0.0,2.0,30.0,20.0,27.142857142857142
1176,0.0,5.0,110.0,20.0,44.57446808510638
1177,0.0,4.0,90.0,25.0,48.47826086956522
1178,0.0,3.0,120.0,25.0,66.30434782608695
1179,0.0,8.0,25.0,-99.0,17.11764705882353
1180,0.0,11.0,25.0,20.0,23.88888888888889
1181,0.0,10.0,30.0,-99.0,17.76923076923077
1182,0.0,3.0,45.0,30.0,34.642857142857146
1183,0.0,12.0,25.0,-99.0,12.1
1184,0.0,21.0,30.0,-99.0,20.333333333333332
1185,0.0,10.0,25.0,20.0,23.333333333333332
1186,0.0,164.0,60.0,25.0,40.0
1187,0.0,17.0,45.0,20.0,35.55555555555556
1188,0.0,4.0,30.0,20.0,27.0
1189,0.0,39.0,30.0,20.0,25.0
1190,0.0,3.0,25.0,20.0,23.333333333333332
1191,0.0,5.0,25.0,20.0,23.333333333333332
1192,0.0,9.0,45.0,20.0,31.756756756756758
1193,0.0,12.0,105.0,25.0,68.05555555555556
1194,0.0,0.0,45.0,20.0,29.666666666666668
1195,0.0,2.0,80.0,30.0,56.8
1196,0.0,7.0,90.0,20.0,66.85483870967742
1197,0.0,8.0,100.0,25.0,61.22222222222222
1198,0.0,1.0,25.0,20.0,23.333333333333332
1199,0.0,8.0,25.0,20.0,23.333333333333332
1200,0.0,7.0,40.0,15.0,26.0
1201,0.0,2.0,30.0,20.0,27.75862068965517
1202,0.0,4.0,25.0,-99.0,11.6
1203,0.0,0.0,90.0,20.0,54.857142857142854
1204,0.0,7.0,30.0,20.0,26.11111111111111
1205,0.0,9.0,30.0,-99.0,23.405405405405407
1206,0.0,10.0,30.0,20.0,25.384615384615383
1207,0.0,234.0,65.0,25.0,42.11538461538461
1208,0.0,35.0,25.0,-99.0,3.5
1209,0.0,7.0,30.0,-99.0,5.166666666666667
1210,0.0,7.0,25.0,20.0,23.0
1211,0.0,28.0,30.0,20.0,26.923076923076923
1212,0.0,5.0,150.0,20.0,72.0
1213,0.0,2.0,65.0,25.0,35.0
1214,0.0,12.0,65.0,20.0,40.55555555555556
1215,0.0,5.0,25.0,20.0,23.333333333333332
1216,0.0,4.0,25.0,-99.0,-0.8
1217,0.0,5.0,75.0,20.0,51.0
1218,0.0,2.0,30.0,20.0,25.0
1219,0.0,10.0,30.0,20.0,25.555555555555557
1220,0.0,3.0,70.0,30.0,50.5
1221,0.0,8.0,50.0,20.0,33.5
1222,0.0,86.0,30.0,-99.0,5.166666666666667
1223,0.0,154.0,40.0,25.0,33.68421052631579
1224,0.0,19.0,25.0,-99.0,2.6666666666666665
1225,0.0,20.0,30.0,20.0,25.555555555555557
1226,0.0,6.0,45.0,25.0,34.166666666666664
1227,0.0,2.0,45.0,20.0,33.46153846153846
1228,0.0,0.0,80.0,25.0,47.63157894736842
1229,0.0,2.0,30.0,-99.0,18.11111111111111
1230,0.0,17.0,25.0,-99.0,3.5
1231,0.0,4.0,50.0,15.0,28.214285714285715
1232,0.0,0.0,120.0,20.0,79.62962962962963
1233,0.0,4.0,30.0,20.0,25.0
1234,0.0,1.0,30.0,20.0,26.21212121212121
1235,0.0,4.0,85.0,25.0,47.3
1236,0.0,4.0,30.0,-99.0,13.6
1237,0.0,1.0,55.0,25.0,38.97435897435897
1238,0.0,5.0,115.0,25.0,61.53846153846154
1239,0.0,3.0,30.0,20.0,28.11111111111111
1240,0.0,11.0,30.0,-99.0,12.88888888888889
1241,0.0,5.0,45.0,30.0,35.0
1242,0.0,6.0,45.0,25.0,40.0
1243,0.0,13.0,30.0,20.0,25.0
1244,0.0,2.0,25.0,20.0,22.692307692307693
1245,0.0,6.0,70.0,30.0,44.583333333333336
1246,0.0,220.0,25.0,20.0,23.333333333333332
1247,0.0,8.0,30.0,-99.0,21.863636363636363
1248,0.0,19.0,50.0,25.0,30.263157894736842
1249,0.0,1.0,25.0,20.0,24.285714285714285
1250,0.0,1.0,65.0,20.0,30.17241379310345
1251,0.0,5.0,30.0,20.0,26.785714285714285
1252,0.0,8.0,45.0,15.0,26.403508771929825
1253,0.0,8.0,30.0,20.0,26.071428571428573
1254,0.0,25.0,30.0,20.0,28.2
1255,0.0,0.0,150.0,25.0,82.81818181818181
1256,0.0,4.0,30.0,-99.0,17.384615384615383
1257,0.0,1.0,115.0,25.0,51.911764705882355
1258,0.0,2.0,35.0,25.0,31.923076923076923
1259,0.0,3.0,30.0,20.0,26.904761904761905
1260,0.0,11.0,85.0,25.0,61.70454545454545
1261,0.0,1.0,75.0,20.0,34.23076923076923
1262,0.0,26.0,30.0,20.0,26.428571428571427
1263,0.0,11.0,30.0,-99.0,23.21212121212121
1264,0.0,1.0,65.0,25.0,43.333333333333336
1265,0.0,14.0,30.0,-99.0,19.571428571428573
1266,0.0,253.0,30.0,20.0,26.363636363636363
1267,0.0,0.0,25.0,-99.0,15.941176470588236
1268,0.0,5.0,30.0,-99.0,20.352941176470587
1269,0.0,9.0,30.0,20.0,26.470588235294116
1270,0.0,13.0,165.0,25.0,97.06521739130434
1271,0.0,1.0,30.0,20.0,27.352941176470587
1272,0.0,6.0,85.0,25.0,59.375
1273,0.0,5.0,70.0,25.0,47.04545454545455
1274,0.0,7.0,30.0,20.0,26.470588235294116
1275,0.0,3.0,70.0,20.0,34.84375
1276,0.0,0.0,65.0,25.0,50.925925925925924
1277,0.0,2.0,50.0,20.0,28.75
1278,0.0,14.0,100.0,25.0,76.31147540983606
1279,0.0,11.0,60.0,25.0,44.34782608695652
1280,0.0,15.0,90.0,25.0,60.55555555555556
1281,0.0,22.0,25.0,20.0,23.333333333333332
1282,0.0,5.0,85.0,20.0,44.857142857142854
1283,0.0,13.0,30.0,20.0,27.0
1284,0.0,132.0,75.0,50.0,65.0
1285,0.0,13.0,30.0,20.0,26.0
1286,0.0,17.0,25.0,15.0,22.5
1287,0.0,28.0,50.0,25.0,34.09090909090909
1288,0.0,14.0,30.0,-99.0,16.0
1289,0.0,12.0,30.0,-99.0,8.0
1290,0.0,3.0,60.0,20.0,46.111111111111114
1291,0.0,23.0,30.0,-99.0,10.125
1292,0.0,8.0,30.0,-99.0,8.0
1293,0.0,5.0,50.0,30.0,39.583333333333336
1294,0.0,10.0,70.0,15.0,33.666666666666664
1295,0.0,9.0,30.0,15.0,25.263157894736842
1296,0.0,5.0,30.0,-99.0,15.5
1297,0.0,3.0,80.0,30.0,55.42553191489362
1298,0.0,4.0,100.0,20.0,55.810810810810814
1299,0.0,4.0,90.0,20.0,50.27777777777778
1300,0.0,1.0,115.0,25.0,64.55882352941177
1301,0.0,9.0,30.0,-99.0,16.0
1302,0.0,5.0,105.0,25.0,65.72916666666667
1303,0.0,33.0,30.0,20.0,28.333333333333332
1304,0.0,5.0,45.0,25.0,35.333333333333336
1305,0.0,9.0,75.0,25.0,45.25
1306,0.0,202.0,60.0,45.0,55.25
1307,0.0,16.0,75.0,20.0,36.470588235294116
1308,0.0,71.0,60.0,25.0,52.916666666666664
1309,0.0,9.0,60.0,25.0,40.810810810810814
1310,0.0,3.0,30.0,20.0,27.333333333333332
1311,0.0,4.0,55.0,25.0,34.6875
1312,0.0,11.0,115.0,30.0,74.66666666666667
1313,0.0,6.0,30.0,20.0,27.333333333333332
1314,0.0,296.0,60.0,30.0,42.27272727272727
1315,0.0,4.0,30.0,20.0,27.727272727272727
1316,0.0,19.0,30.0,20.0,27.4
1317,1.0,8.0,100.0,20.0,49.2
1318,1.0,18.0,70.0,20.0,39.61538461538461
1319,0.0,16.0,65.0,25.0,46.0
1320,0.0,259.0,55.0,30.0,45.88235294117647
1321,0.0,7.0,30.0,-99.0,15.545454545454545
1322,0.0,36.0,30.0,-99.0,10.125
1323,0.0,13.0,30.0,20.0,26.818181818181817
1324,0.0,12.0,30.0,20.0,26.0
1325,0.0,10.0,50.0,25.0,36.42857142857143
1326,0.0,2.0,45.0,25.0,29.848484848484848
1327,0.0,1.0,35.0,20.0,26.818181818181817
1328,0.0,6.0,50.0,25.0,39.583333333333336
1329,0.0,2.0,30.0,-99.0,10.75
1330,1.0,6.0,115.0,35.0,66.96969696969697
1331,0.0,1.0,55.0,25.0,36.42857142857143
1332,0.0,1.0,55.0,25.0,41.19047619047619
1333,0.0,7.0,45.0,30.0,34.09090909090909
1334,0.0,2.0,65.0,30.0,43.0
1335,0.0,12.0,50.0,25.0,40.4
1336,0.0,18.0,90.0,25.0,58.660714285714285
1337,0.0,11.0,30.0,-99.0,16.333333333333332
1338,0.0,18.0,80.0,15.0,60.303030303030305
1339,0.0,19.0,30.0,20.0,28.0
1340,0.0,215.0,70.0,25.0,57.04081632653061
1341,0.0,6.0,60.0,30.0,42.1875
1342,1.0,19.0,65.0,25.0,40.476190476190474
1343,0.0,3.0,75.0,25.0,48.333333333333336
1344,1.0,16.0,80.0,20.0,35.810810810810814
1345,1.0,11.0,110.0,20.0,65.45454545454545
1346,0.0,3.0,30.0,20.0,27.61904761904762
1347,0.0,4.0,30.0,20.0,28.0
1348,0.0,1.0,55.0,25.0,46.25
1349,1.0,5.0,125.0,25.0,60.15384615384615
1350,1.0,16.0,50.0,25.0,33.333333333333336
1351,1.0,19.0,60.0,25.0,35.833333333333336
1352,1.0,20.0,75.0,25.0,53.275862068965516
1353,1.0,22.0,105.0,35.0,73.23529411764706
1354,0.0,180.0,30.0,20.0,25.0
1355,0.0,18.0,45.0,30.0,39.375
1356,1.0,30.0,75.0,10.0,38.57142857142857
1357,0.0,12.0,30.0,20.0,24.523809523809526
1358,0.0,9.0,30.0,-99.0,9.428571428571429
1359,1.0,17.0,70.0,10.0,39.338235294117645
1360,0.0,2.0,30.0,20.0,27.142857142857142
1361,0.0,6.0,30.0,-99.0,15.076923076923077
1362,0.0,3.0,50.0,25.0,37.5
1363,0.0,69.0,90.0,30.0,73.28947368421052
1364,0.0,187.0,75.0,30.0,53.07692307692308
1365,0.0,76.0,30.0,15.0,28.387096774193548
1366,0.0,1.0,65.0,10.0,38.51851851851852
1367,1.0,4.0,40.0,10.0,21.25
1368,0.0,5.0,30.0,15.0,25.0
1369,0.0,12.0,45.0,25.0,33.84615384615385
1370,0.0,6.0,30.0,20.0,27.857142857142858
1371,0.0,1.0,45.0,25.0,34.77272727272727
1372,0.0,1.0,30.0,-99.0,18.833333333333332
1373,0.0,1.0,30.0,-99.0,-7.571428571428571
1374,0.0,5.0,45.0,25.0,33.06122448979592
1375,0.0,7.0,30.0,15.0,25.58823529411765
1376,1.0,19.0,110.0,25.0,59.5
1377,1.0,22.0,65.0,25.0,43.80952380952381
1378,0.0,279.0,30.0,20.0,25.88235294117647
1379,0.0,3.0,35.0,20.0,27.692307692307693
1380,0.0,13.0,45.0,20.0,34.166666666666664
1381,1.0,10.0,45.0,20.0,28.846153846153847
1382,1.0,3.0,65.0,20.0,31.21212121212121
1383,0.0,4.0,55.0,25.0,39.44444444444444
1384,0.0,0.0,50.0,25.0,37.30769230769231
1385,1.0,1.0,70.0,15.0,43.0
1386,1.0,11.0,160.0,25.0,77.34693877551021
1387,0.0,9.0,125.0,30.0,81.86363636363636
1388,0.0,12.0,40.0,25.0,30.0
1389,1.0,38.0,125.0,25.0,63.9622641509434
1390,1.0,-170.0,65.0,30.0,47.94871794871795
1391,0.0,74.0,25.0,20.0,23.88888888888889
1392,0.0,7.0,30.0,30.0,30.0
1393,0.0,0.0,30.0,15.0,24.666666666666668
1394,0.0,15.0,30.0,25.0,26.5625
1395,0.0,23.0,30.0,25.0,27.5
1396,0.0,22.0,25.0,25.0,25.0
1397,0.0,239.0,30.0,25.0,27.77777777777778
1398,0.0,9.0,25.0,25.0,25.0
1399,1.0,15.0,45.0,20.0,28.96551724137931
1400,0.0,21.0,45.0,25.0,35.27777777777778
1401,1.0,1.0,70.0,20.0,41.25
1402,1.0,8.0,90.0,25.0,63.1578947368421
1403,0.0,10.0,30.0,25.0,25.416666666666668
1404,0.0,8.0,90.0,25.0,58.91891891891892
1405,0.0,1.0,75.0,25.0,42.93650793650794
1406,0.0,3.0,25.0,20.0,24.166666666666668
1407,0.0,11.0,125.0,25.0,76.37931034482759
1408,1.0,6.0,140.0,25.0,79.765625
1409,0.0,16.0,60.0,25.0,37.857142857142854
1410,0.0,10.0,30.0,25.0,28.333333333333332
1411,1.0,47.0,75.0,15.0,48.5
1412,0.0,177.0,50.0,25.0,36.25
1413,0.0,59.0,25.0,25.0,25.0
1414,0.0,2.0,60.0,25.0,35.90909090909091
1415,0.0,7.0,70.0,20.0,46.75675675675676
1416,0.0,4.0,45.0,25.0,36.29032258064516
1417,1.0,-2.0,85.0,20.0,44.166666666666664
1418,0.0,9.0,40.0,20.0,29.886363636363637
1419,0.0,13.0,35.0,15.0,28.076923076923077
1420,0.0,1.0,105.0,25.0,72.6829268292683
1421,0.0,10.0,55.0,20.0,38.26923076923077
1422,0.0,14.0,85.0,25.0,58.45454545454545
1423,0.0,3.0,30.0,30.0,30.0
1424,0.0,12.0,75.0,25.0,36.774193548387096
1425,0.0,3.0,70.0,30.0,49.2
1426,0.0,3.0,65.0,40.0,53.68421052631579
1427,0.0,7.0,55.0,15.0,31.176470588235293
1428,0.0,256.0,75.0,20.0,50.21739130434783
1429,0.0,6.0,45.0,20.0,27.6
1430,0.0,42.0,30.0,20.0,25.833333333333332
1431,1.0,8.0,100.0,10.0,40.36363636363637
1432,0.0,4.0,30.0,25.0,28.571428571428573
1433,0.0,7.0,30.0,25.0,28.846153846153847
1434,0.0,3.0,115.0,15.0,53.72093023255814
1435,0.0,1.0,45.0,25.0,36.31578947368421
1436,1.0,37.0,50.0,25.0,37.22222222222222
1437,1.0,9.0,40.0,25.0,37.27272727272727
1438,0.0,1.0,25.0,25.0,25.0
1439,0.0,3.0,90.0,25.0,57.22222222222222
1440,1.0,176.0,65.0,30.0,51.36363636363637
1441,0.0,65.0,45.0,25.0,33.214285714285715
1442,0.0,29.0,30.0,25.0,29.0
1443,0.0,23.0,30.0,20.0,26.875
1444,1.0,32.0,150.0,20.0,73.9423076923077
1445,0.0,4.0,95.0,20.0,58.36065573770492
1446,0.0,1.0,95.0,25.0,60.666666666666664
1447,1.0,3.0,55.0,25.0,42.22222222222222
1448,0.0,1.0,30.0,20.0,28.0
1449,0.0,26.0,55.0,25.0,37.58620689655172
1450,0.0,221.0,75.0,30.0,51.12903225806452
1451,0.0,18.0,35.0,25.0,29.545454545454547
1452,1.0,47.0,35.0,25.0,30.333333333333332
1453,1.0,10.0,50.0,20.0,39.24242424242424
1454,1.0,8.0,40.0,30.0,34.166666666666664
1455,0.0,1.0,100.0,25.0,58.52459016393443
1456,0.0,15.0,45.0,25.0,35.714285714285715
1457,0.0,7.0,70.0,25.0,56.08695652173913
1458,1.0,4.0,85.0,20.0,39.333333333333336
1459,0.0,11.0,65.0,30.0,41.92307692307692
1460,0.0,274.0,30.0,30.0,30.0
1461,1.0,20.0,55.0,10.0,27.1875
1462,1.0,25.0,30.0,15.0,24.166666666666668
1463,1.0,2.0,50.0,15.0,26.25
1464,0.0,13.0,70.0,30.0,48.666666666666664
1465,1.0,11.0,30.0,30.0,30.0
1466,1.0,12.0,60.0,25.0,46.25
1467,0.0,3.0,50.0,20.0,33.611111111111114
1468,1.0,3.0,30.0,25.0,28.0
1469,0.0,2.0,30.0,25.0,29.285714285714285
1470,0.0,34.0,30.0,25.0,27.857142857142858
1471,0.0,6.0,95.0,30.0,59.642857142857146
1472,1.0,207.0,75.0,20.0,39.91525423728814
1473,1.0,32.0,65.0,30.0,45.142857142857146
1474,1.0,7.0,60.0,20.0,41.25
1475,0.0,16.0,60.0,25.0,44.8780487804878
1476,1.0,3.0,40.0,20.0,26.59090909090909
1477,1.0,5.0,85.0,20.0,51.333333333333336
1478,1.0,3.0,30.0,20.0,25.0
1479,0.0,1.0,120.0,30.0,64.56521739130434
1480,1.0,13.0,60.0,30.0,42.27272727272727
1481,0.0,0.0,95.0,30.0,72.6829268292683
1482,1.0,0.0,95.0,30.0,62.72727272727273
1483,1.0,4.0,35.0,20.0,26.136363636363637
1484,0.0,1.0,45.0,30.0,36.935483870967744
1485,1.0,13.0,120.0,25.0,86.51515151515152
1486,0.0,3.0,30.0,25.0,27.647058823529413
1487,1.0,14.0,100.0,20.0,51.139240506329116
1488,0.0,1.0,65.0,25.0,49.333333333333336
1489,1.0,7.0,130.0,25.0,54.61538461538461
1490,0.0,3.0,50.0,30.0,41.25
1491,1.0,13.0,100.0,25.0,54.642857142857146
1492,0.0,7.0,55.0,20.0,36.31578947368421
1493,0.0,234.0,75.0,30.0,57.41379310344828
1494,1.0,18.0,45.0,25.0,35.22727272727273
1495,1.0,19.0,100.0,30.0,60.588235294117645
1496,1.0,26.0,75.0,25.0,48.888888888888886
1497,1.0,0.0,70.0,20.0,41.8
1498,0.0,4.0,125.0,25.0,77.26027397260275
1499,1.0,3.0,105.0,15.0,53.47222222222222
1500,0.0,8.0,40.0,30.0,33.793103448275865
1501,1.0,21.0,120.0,25.0,61.22641509433962
1502,0.0,10.0,100.0,20.0,58.484848484848484
1503,1.0,7.0,60.0,25.0,43.723404255319146
1504,1.0,3.0,45.0,25.0,36.42857142857143
1505,1.0,30.0,100.0,25.0,63.75
1506,0.0,199.0,65.0,20.0,36.01851851851852
1507,0.0,30.0,45.0,25.0,34.44444444444444
1508,0.0,11.0,40.0,25.0,32.10526315789474
1509,0.0,2.0,65.0,30.0,52.0
1510,0.0,3.0,40.0,25.0,34.6875
1511,1.0,1.0,70.0,20.0,39.8936170212766
1512,0.0,48.0,30.0,25.0,28.75
1513,0.0,31.0,110.0,25.0,63.35820895522388
1514,0.0,10.0,40.0,25.0,33.23529411764706
1515,0.0,286.0,40.0,30.0,35.0
1516,0.0,23.0,45.0,25.0,35.38461538461539
1517,1.0,2.0,100.0,25.0,68.87755102040816
1518,1.0,3.0,60.0,20.0,31.53846153846154
1519,0.0,7.0,90.0,25.0,66.14754098360656
1520,1.0,8.0,85.0,30.0,49.54545454545455
1521,1.0,7.0,55.0,20.0,33.57142857142857
1522,1.0,2.0,135.0,20.0,75.21126760563381
1523,1.0,2.0,40.0,20.0,31.666666666666668
1524,0.0,2.0,80.0,25.0,50.833333333333336
1525,0.0,2.0,90.0,25.0,58.333333333333336
1526,0.0,12.0,90.0,25.0,53.46153846153846
1527,0.0,17.0,65.0,30.0,50.0
1528,1.0,33.0,155.0,20.0,63.07692307692308
1529,0.0,199.0,75.0,25.0,49.42857142857143
1530,0.0,21.0,50.0,25.0,39.03846153846154
1531,1.0,47.0,30.0,25.0,28.75
1532,1.0,1.0,125.0,20.0,59.61538461538461
1533,0.0,5.0,120.0,30.0,65.49019607843137
1534,1.0,0.0,90.0,20.0,52.95454545454545
1535,0.0,12.0,45.0,30.0,37.77777777777778
1536,1.0,2.0,30.0,25.0,28.75
1537,1.0,4.0,135.0,25.0,74.5
1538,0.0,8.0,130.0,30.0,88.87755102040816
1539,1.0,15.0,50.0,30.0,42.857142857142854
1540,0.0,2.0,30.0,30.0,30.0
1541,0.0,6.0,30.0,25.0,29.583333333333332
1542,1.0,5.0,95.0,20.0,62.94117647058823
1543,1.0,11.0,85.0,25.0,56.61764705882353
1544,1.0,16.0,35.0,20.0,26.875
1545,1.0,207.0,135.0,20.0,64.23076923076923
1546,0.0,16.0,25.0,25.0,25.0
1547,0.0,41.0,30.0,25.0,29.166666666666668
1548,0.0,5.0,110.0,25.0,63.04597701149425
1549,0.0,5.0,30.0,25.0,28.46153846153846
1550,0.0,4.0,45.0,25.0,36.111111111111114
1551,0.0,2.0,35.0,20.0,26.666666666666668
1552,1.0,13.0,75.0,30.0,54.78260869565217
1553,0.0,7.0,35.0,25.0,32.5
1554,1.0,2.0,30.0,25.0,26.666666666666668
1555,0.0,4.0,70.0,30.0,53.793103448275865
1556,1.0,1.0,70.0,20.0,37.758620689655174
1557,1.0,6.0,60.0,25.0,34.76190476190476
1558,0.0,4.0,120.0,30.0,74.61538461538461
1559,0.0,3.0,80.0,25.0,50.17857142857143
1560,1.0,6.0,120.0,20.0,59.0
1561,0.0,11.0,60.0,30.0,38.65384615384615
1562,0.0,4.0,85.0,30.0,56.13636363636363
1563,0.0,6.0,50.0,25.0,38.46153846153846
1564,0.0,223.0,55.0,30.0,45.0
1565,1.0,36.0,50.0,15.0,26.228070175438596
1566,0.0,22.0,25.0,25.0,25.0
1567,1.0,12.0,60.0,10.0,33.0
1568,1.0,8.0,60.0,25.0,41.21212121212121
1569,0.0,10.0,60.0,25.0,37.93103448275862
1570,0.0,6.0,105.0,15.0,56.45161290322581
1571,0.0,4.0,100.0,25.0,54.02173913043478
1572,1.0,8.0,70.0,25.0,50.36585365853659
1573,1.0,2.0,30.0,25.0,28.75
1574,0.0,13.0,90.0,25.0,60.0
1575,1.0,2.0,125.0,25.0,66.5909090909091
1576,0.0,5.0,45.0,25.0,37.0
1577,1.0,16.0,70.0,30.0,53.68421052631579
1578,0.0,2.0,35.0,30.0,31.875
1579,1.0,6.0,120.0,30.0,68.67647058823529
1580,0.0,19.0,65.0,45.0,53.75
1581,0.0,233.0,80.0,25.0,48.08510638297872
1582,0.0,21.0,50.0,30.0,40.75
1583,1.0,1.0,35.0,15.0,23.043478260869566
1584,0.0,24.0,45.0,30.0,38.07692307692308
1585,0.0,3.0,50.0,20.0,39.23076923076923
1586,1.0,4.0,55.0,20.0,32.142857142857146
1587,1.0,2.0,50.0,10.0,24.347826086956523
1588,0.0,1.0,30.0,25.0,28.0
1589,1.0,4.0,85.0,20.0,51.5
1590,1.0,2.0,50.0,20.0,37.64705882352941
1591,1.0,3.0,110.0,20.0,53.81818181818182
1592,0.0,3.0,50.0,30.0,35.0
1593,1.0,1.0,75.0,25.0,42.0
1594,1.0,23.0,125.0,25.0,56.228070175438596
1595,1.0,186.0,30.0,25.0,29.09090909090909
1596,0.0,54.0,50.0,30.0,38.46153846153846
1597,0.0,17.0,30.0,30.0,30.0
1598,1.0,9.0,50.0,20.0,30.714285714285715
1599,1.0,9.0,80.0,25.0,48.111111111111114
1600,0.0,3.0,65.0,20.0,33.40909090909091
1601,0.0,6.0,30.0,30.0,30.0
1602,1.0,20.0,30.0,15.0,22.142857142857142
1603,1.0,7.0,65.0,25.0,46.81818181818182
1604,0.0,6.0,30.0,30.0,30.0
1605,0.0,3.0,125.0,25.0,86.98113207547169
1606,1.0,4.0,35.0,15.0,26.923076923076923
1607,1.0,3.0,50.0,25.0,30.227272727272727
1608,1.0,2.0,145.0,25.0,99.82758620689656
1609,0.0,16.0,30.0,25.0,26.0
1610,1.0,1.0,90.0,25.0,65.0
1611,0.0,2.0,110.0,30.0,63.01724137931034
1612,1.0,13.0,55.0,15.0,34.285714285714285
1613,0.0,3.0,40.0,25.0,32.857142857142854
1614,0.0,52.0,60.0,20.0,35.3125
1615,1.0,3.0,55.0,30.0,44.56521739130435
1616,0.0,237.0,60.0,30.0,39.333333333333336
1617,0.0,3.0,105.0,25.0,63.0
1618,1.0,6.0,55.0,20.0,31.25
1619,1.0,4.0,130.0,30.0,68.16666666666667
1620,0.0,0.0,95.0,20.0,47.391304347826086
1621,0.0,12.0,45.0,30.0,35.0
1622,1.0,2.0,125.0,20.0,77.46666666666667
1623,1.0,0.0,65.0,25.0,40.714285714285715
1624,1.0,6.0,50.0,25.0,34.0625
1625,1.0,5.0,145.0,15.0,81.22340425531915
1626,0.0,6.0,30.0,20.0,26.53846153846154
1627,1.0,3.0,105.0,20.0,59.42028985507246
1628,0.0,3.0,125.0,30.0,76.66666666666667
1629,0.0,19.0,65.0,30.0,47.63636363636363
1630,1.0,2.0,40.0,20.0,33.07692307692308
1631,0.0,47.0,45.0,40.0,41.25
1632,0.0,194.0,45.0,20.0,33.46153846153846
1633,1.0,20.0,60.0,20.0,36.34615384615385
1634,1.0,5.0,35.0,25.0,31.428571428571427
1635,1.0,1.0,65.0,20.0,31.470588235294116
1636,1.0,7.0,130.0,10.0,47.45762711864407
1637,1.0,10.0,140.0,25.0,80.88888888888889
1638,0.0,2.0,60.0,30.0,44.60526315789474
1639,1.0,10.0,40.0,20.0,30.555555555555557
1640,0.0,2.0,55.0,25.0,42.5
1641,0.0,9.0,90.0,25.0,48.035714285714285
1642,0.0,9.0,30.0,25.0,25.476190476190474
1643,1.0,1.0,50.0,25.0,36.666666666666664
1644,1.0,5.0,150.0,25.0,74.11764705882354
1645,0.0,4.0,35.0,20.0,25.96153846153846
1646,0.0,4.0,100.0,30.0,59.80392156862745
1647,0.0,1.0,80.0,30.0,52.41379310344828
1648,1.0,11.0,75.0,25.0,51.15942028985507
1649,0.0,1.0,70.0,25.0,45.714285714285715
1650,1.0,12.0,155.0,20.0,78.47222222222223
1651,0.0,1.0,30.0,25.0,28.333333333333332
1652,1.0,3.0,70.0,25.0,39.705882352941174
1653,0.0,1.0,45.0,30.0,37.857142857142854
1654,1.0,3.0,45.0,10.0,32.77777777777778
1655,0.0,0.0,40.0,25.0,31.85185185185185
1656,1.0,7.0,65.0,30.0,43.666666666666664
1657,1.0,7.0,160.0,25.0,88.54166666666667
1658,1.0,4.0,45.0,30.0,35.0
1659,1.0,19.0,100.0,20.0,56.94444444444444
1660,0.0,5.0,45.0,25.0,30.90909090909091
1661,0.0,10.0,60.0,25.0,45.0
1662,0.0,31.0,75.0,25.0,54.883720930232556
1663,0.0,162.0,50.0,30.0,43.75
1664,1.0,36.0,60.0,25.0,40.26315789473684
1665,0.0,2.0,45.0,25.0,31.53846153846154
1666,1.0,14.0,50.0,30.0,40.55555555555556
1667,0.0,20.0,55.0,15.0,33.26086956521739
1668,0.0,3.0,45.0,25.0,34.61538461538461
1669,1.0,10.0,65.0,20.0,39.8936170212766
1670,0.0,7.0,80.0,30.0,50.08064516129032
1671,0.0,2.0,105.0,25.0,63.771929824561404
1672,0.0,15.0,105.0,25.0,64.2741935483871
1673,0.0,-269.0,75.0,30.0,53.125
1674,0.0,490.0,55.0,25.0,41.964285714285715
1675,0.0,25.0,65.0,25.0,38.064516129032256
1676,1.0,61.0,50.0,25.0,34.166666666666664
1677,0.0,13.0,60.0,30.0,49.34782608695652
1678,1.0,2.0,150.0,30.0,87.38095238095238
1679,1.0,16.0,50.0,20.0,27.142857142857142
1680,1.0,8.0,150.0,15.0,71.78571428571429
1681,1.0,4.0,50.0,30.0,38.0
1682,0.0,0.0,40.0,20.0,30.192307692307693
1683,1.0,9.0,80.0,20.0,44.09090909090909
1684,1.0,2.0,30.0,20.0,26.25
1685,0.0,2.0,35.0,30.0,33.75
1686,0.0,0.0,65.0,30.0,43.68421052631579
1687,1.0,3.0,70.0,20.0,39.285714285714285
1688,0.0,13.0,35.0,20.0,26.451612903225808
1689,0.0,13.0,45.0,25.0,30.576923076923077
1690,1.0,47.0,75.0,20.0,44.732142857142854
1691,1.0,173.0,50.0,25.0,34.0
1692,1.0,33.0,40.0,25.0,34.0
1693,0.0,16.0,110.0,30.0,62.2972972972973
1694,0.0,1.0,55.0,25.0,45.27777777777778
1695,1.0,14.0,85.0,20.0,46.29032258064516
1696,1.0,12.0,55.0,20.0,36.785714285714285
1697,1.0,10.0,60.0,15.0,39.0
1698,1.0,3.0,135.0,15.0,57.4
1699,1.0,4.0,75.0,30.0,49.08163265306123
1700,1.0,1.0,125.0,30.0,80.0
1701,0.0,23.0,55.0,20.0,34.54545454545455
1702,1.0,1.0,75.0,25.0,50.65217391304348
1703,0.0,10.0,70.0,35.0,50.14705882352941
1704,1.0,6.0,55.0,25.0,42.5
1705,0.0,1.0,35.0,20.0,29.285714285714285
1706,0.0,1.0,115.0,25.0,50.625
1707,1.0,22.0,25.0,25.0,25.0
1708,1.0,202.0,125.0,20.0,44.166666666666664
1709,0.0,76.0,30.0,25.0,26.333333333333332
1710,0.0,5.0,35.0,25.0,28.846153846153847
1711,1.0,1.0,115.0,30.0,76.08695652173913
1712,1.0,10.0,50.0,20.0,35.625
1713,0.0,6.0,50.0,35.0,41.666666666666664
1714,1.0,6.0,45.0,25.0,36.25
1715,0.0,18.0,105.0,25.0,43.333333333333336
1716,0.0,2.0,30.0,20.0,27.142857142857142
1717,0.0,9.0,55.0,30.0,41.21621621621622
1718,0.0,29.0,45.0,20.0,28.26086956521739
1719,1.0,232.0,90.0,25.0,52.096774193548384
1720,1.0,13.0,95.0,25.0,51.71875
1721,1.0,15.0,30.0,20.0,25.384615384615383
1722,1.0,11.0,40.0,15.0,29.72222222222222
1723,0.0,8.0,50.0,30.0,37.2
1724,0.0,11.0,30.0,15.0,22.34375
1725,0.0,3.0,115.0,25.0,64.11764705882354
1726,1.0,6.0,125.0,25.0,66.9090909090909
1727,0.0,2.0,55.0,25.0,38.125
1728,0.0,3.0,35.0,25.0,27.666666666666668
1729,1.0,4.0,60.0,20.0,31.304347826086957
1730,1.0,4.0,135.0,30.0,80.57377049180327
1731,0.0,1.0,120.0,30.0,52.64705882352941
1732,1.0,7.0,110.0,25.0,57.95454545454545
1733,0.0,3.0,75.0,25.0,37.5
1734,1.0,5.0,50.0,20.0,36.5625
1735,0.0,8.0,40.0,25.0,36.666666666666664
1736,0.0,5.0,75.0,20.0,41.91489361702128
1737,1.0,8.0,90.0,20.0,58.333333333333336
1738,1.0,9.0,85.0,20.0,43.793103448275865
1739,0.0,1.0,65.0,30.0,51.111111111111114
1740,1.0,242.0,85.0,30.0,52.407407407407405
1741,1.0,18.0,55.0,25.0,41.92307692307692
1742,0.0,4.0,60.0,20.0,35.86206896551724
1743,0.0,7.0,60.0,30.0,44.61538461538461
1744,1.0,6.0,45.0,25.0,36.785714285714285
1745,0.0,10.0,45.0,25.0,35.0
1746,0.0,1.0,40.0,25.0,30.666666666666668
1747,0.0,6.0,55.0,30.0,38.421052631578945
1748,1.0,2.0,55.0,20.0,37.05882352941177
1749,1.0,4.0,105.0,40.0,70.34883720930233
1750,0.0,1.0,30.0,25.0,29.444444444444443
1751,0.0,2.0,40.0,30.0,34.61538461538461
1752,0.0,5.0,120.0,20.0,66.796875
1753,1.0,4.0,50.0,15.0,35.22727272727273
1754,1.0,0.0,70.0,30.0,49.04761904761905
1755,1.0,14.0,65.0,25.0,45.0
1756,0.0,3.0,120.0,25.0,53.389830508474574
1757,0.0,29.0,80.0,20.0,49.0
1758,1.0,15.0,100.0,20.0,53.064516129032256
1759,0.0,-67.0,55.0,35.0,45.357142857142854
1760,0.0,262.0,40.0,25.0,32.142857142857146
1761,0.0,6.0,50.0,25.0,34.25
1762,1.0,23.0,60.0,25.0,38.63636363636363
1763,0.0,6.0,75.0,20.0,40.96774193548387
1764,1.0,39.0,55.0,30.0,41.111111111111114
1765,1.0,2.0,85.0,30.0,50.12820512820513
1766,0.0,6.0,50.0,25.0,33.333333333333336
1767,1.0,6.0,40.0,25.0,29.210526315789473
1768,1.0,5.0,95.0,30.0,58.46153846153846
1769,1.0,1.0,70.0,20.0,47.05882352941177
1770,0.0,7.0,35.0,25.0,29.583333333333332
1771,0.0,0.0,90.0,30.0,58.18181818181818
1772,0.0,5.0,70.0,20.0,53.666666666666664
1773,0.0,8.0,100.0,20.0,59.523809523809526
1774,0.0,22.0,80.0,25.0,52.8125
1775,0.0,8.0,45.0,25.0,36.92307692307692
1776,0.0,2.0,40.0,25.0,34.54545454545455
1777,0.0,9.0,80.0,25.0,48.214285714285715
1778,1.0,0.0,100.0,25.0,61.55555555555556
1779,0.0,227.0,45.0,25.0,33.5
1780,1.0,11.0,55.0,35.0,43.214285714285715
1781,1.0,21.0,40.0,20.0,30.217391304347824
1782,0.0,15.0,55.0,35.0,43.07692307692308
1783,0.0,24.0,50.0,25.0,31.372549019607842
1784,0.0,10.0,40.0,20.0,31.75
1785,1.0,10.0,50.0,25.0,39.285714285714285
1786,0.0,2.0,55.0,20.0,30.555555555555557
1787,1.0,2.0,30.0,25.0,27.5
1788,0.0,4.0,80.0,25.0,44.34782608695652
1789,1.0,16.0,75.0,20.0,47.95454545454545
1790,0.0,5.0,45.0,30.0,35.0
1791,0.0,18.0,55.0,25.0,43.214285714285715
1792,0.0,27.0,45.0,20.0,32.38095238095238
1793,0.0,16.0,55.0,35.0,45.19230769230769
1794,0.0,207.0,55.0,30.0,43.4375
1795,1.0,21.0,85.0,20.0,45.744680851063826
1796,0.0,10.0,30.0,20.0,25.88235294117647
1797,1.0,25.0,70.0,25.0,41.808510638297875
1798,0.0,9.0,75.0,30.0,56.53846153846154
1799,1.0,9.0,45.0,15.0,33.07692307692308
1800,0.0,30.0,105.0,25.0,54.255319148936174
1801,1.0,1.0,70.0,35.0,53.214285714285715
1802,1.0,10.0,125.0,25.0,82.3076923076923
1803,1.0,197.0,35.0,15.0,25.0
1804,1.0,41.0,50.0,25.0,35.535714285714285
1805,1.0,26.0,50.0,15.0,27.045454545454547
1806,0.0,36.0,45.0,25.0,34.0
1807,0.0,7.0,110.0,25.0,54.193548387096776
1808,0.0,6.0,45.0,35.0,40.9375
1809,0.0,6.0,75.0,25.0,42.58064516129032
1810,0.0,3.0,50.0,25.0,36.470588235294116
1811,0.0,7.0,45.0,20.0,36.92307692307692
1812,0.0,0.0,30.0,20.0,24.473684210526315
1813,0.0,11.0,45.0,20.0,31.764705882352942
1814,1.0,43.0,135.0,15.0,59.14473684210526
